rose,friday,adding,previous,close,,,,,,,,,,,,,,,,,,,,,,,
investors,dipping,toes,waters,bumper,month,,,,,,,,,,,,,,,,,,,,,,
surges,rally,intact,analyst,says,could,awaken,dormant,long,term,bulls,benzinga,,,,,,,,,,,,,,,,
looking,steady,week,,,,,,,,,,,,,,,,,,,,,,,,,
salvador,became,first,country,world,recognize,legal,tender,years,approved,wednesday,would,regulate,issuance,digital,assets,state,private,entities,,,,,,,,,
charge,dragging,market,floor,electrifying,bonk,meme,coin,,,,,,,,,,,,,,,,,,,,
skybridge,capital,betting,sustained,turnaround,markets,firm,founder,anthony,scaramucci,said,admitting,view,overly,bullish,,,,,,,,,,,,,
silvergate,stock,surged,monday,weekend,,,,,,,,,,,,,,,,,,,,,,,
period,highly,negative,sentiment,seen,suspiciously,solid,floors,finance,professor,john,griffin,told,fortune,,,,,,,,,,,,,,
bond,issuance,originally,planned,early,salvador,seeks,raise,billion,called,volcano,bonds,,,,,,,,,,,,,,,,
invest,bull,case,million,base,case,,,,,,,,,,,,,,,,,,,,,,
investors,piling,back,markets,jumping,year,date,,,,,,,,,,,,,,,,,,,,,
asset,manager,grayscale,investments,gearing,prolonged,legal,fight,securities,exchange,commission,create,spot,exchange,traded,fund,company,chief,executive,officer,said,,,,,,,
bloodbath,tesla,billion,backfire,elon,musk,carmaker,dumped,least,position,,,,,,,,,,,,,,,,,,
giant,binance,processed,almost,million,bitzlato,digital,currency,exchange,whose,founder,arrested,authorities,last,week,allegedly,running,money,laundering,engine,blockchain,data,seen,reuters,show,,,
surge,continues,first,time,since,collapse,early,november,coindesk,reports,largest,market,capitalization,started,week,near,mark,hovering,,,,,,,,,,
exchanging,ether,example,taxable,event,eyes,even,receive,dollars,,,,,,,,,,,,,,,,,,,
investors,made,large,shift,away,short,bets,last,week,token,price,climbed,january,,,,,,,,,,,,,,,
character,simpsons,episode,says,behold,wonders,china,mines,forced,labor,camps,children,make,smartphones,,,,,,,,,,,,,,
interview,insider,invesco,brian,levitt,breaks,money,dollar,looks,weaken,could,climb,,,,,,,,,,,,,,,,
taleb,said,stock,market,expensive,relative,current,interest,rates,championed,warren,buffett,investing,style,trashed,,,,,,,,,,,,,
jpmorgan,survey,institutional,traders,found,plan,trading,digital,assets,year,,,,,,,,,,,,,,,,,,
york,times,covered,research,authored,john,griffin,finance,professor,university,texas,hong,kong,based,bitfinex,largest,least,regulated,exchanges,industry,,,,,,,,
despite,volatile,nature,millionaires,still,want,ahead,curve,,,,,,,,,,,,,,,,,,,,
investors,losing,faith,fashionable,technobabble,turning,gold,rock,ages,nobel,prize,winner,paul,krugman,suggested,,,,,,,,,,,,,
accepted,candy,gifts,capitol,says,senator,cruz,another,getting,resolution,passed,,,,,,,,,,,,,,,,,
bridgewater,associates,founder,also,told,cnbc,sees,china,yuan,digital,renminbi,making,gains,,,,,,,,,,,,,,,
hacker,groups,associated,north,korea,lazarus,group,responsible,theft,last,june,million,firm,harmony,horizon,bridge,federal,bureau,investigation,said,monday,,,,,,,
move,higher,comes,prices,enjoy,sustained,rally,industry,market,reclaiming,trillion,weekend,,,,,,,,,,,,,,,,
company,digital,currency,group,center,industry,latest,meltdown,companies,genesis,froze,customer,withdrawals,november,,,,,,,,,,,,,,
eyes,meeting,next,week,central,bank,expected,announce,smaller,increase,benchmark,rate,,,,,,,,,,,,,,,,
mentioned,lastpass,story,closing,couple,weeks,details,still,scarce,hope,lastpass,would,release,transparent,information,happened,,,,,,,,,,,,
reporting,transactions,taxes,important,ever,experts,right,,,,,,,,,,,,,,,,,,,,,
bucked,wider,downward,trend,meme,token,surged,tuesday,amid,reports,elon,musk,plan,twitter,payments,,,,,,,,,,,,,
faltering,digital,asset,firm,filed,chapter,month,enduring,double,whammy,exposure,tothree,arrows,capital,,,,,,,,,,,,,,
threats,impending,regulation,dominated,headlines,recent,months,lost,investors,protections,stand,federal,showdown,,,,,,,,,,,,,,,
jamie,dimon,previously,compared,tokens,rocks,called,industry,complete,sideshow,collapse,,,,,,,,,,,,,,,,,
news,days,revelation,luke,dashjr,core,developer,wallet,compromised,lost,small,fortune,something,shock,guessing,,,,,,,,,,,,,
cambiado,puristas,contentos,centro,debate,gira,alrededor,ordinales,nuevo,protocolo,creado,casey,rodarmor,permite,inscribir,artefactos,digitales,cadena,bloques,,,,,,,,,
prosecutors,confirmed,lazarus,group,behind,june,hack,firm,harmony,billion,converted,,,,,,,,,,,,,,,,,
bankman,fried,hedge,fund,alameda,research,hand,relied,heavily,token,created,,,,,,,,,,,,,,,,,
heatbit,space,heater,allegedly,uses,energy,produced,calculation,intensive,mining,heat,home,also,costs,though,company,insists,cover,electricity,bills,payments,,,,,,,
hablar,criptomonedas,hablar,promesas,promesas,siempre,cumplen,lleg,hundirse,niveles,perdiendo,mitad,valor,arrastrando,consigo,enorme,crisis,dentro,territorio,cripto,pero,todo,baja,puede,,,,
jersey,faces,years,behind,bars,hired,hitman,paid,kill,year,prosecutors,said,,,,,,,,,,,,,,,,
early,count,chickens,price,action,since,yesterday,encouraging,executive,told,insider,,,,,,,,,,,,,,,,,
needs,adult,supervision,needs,goldman,sachs,morgan,stanley,blackrock,come,saylor,said,,,,,,,,,,,,,,,,
elon,musk,billion,tesla,turned,deal,sunk,funds,january,trading,simultaneously,announced,tesla,would,begin,accepting,announc,,,,,,,,,,,
ransomware,cyber,gangs,made,million,sounds,money,compare,record,estimated,profits,million,told,hackers,managed,extort,less,victims,past,year,year,,,,,,,
unprecedented,layoffs,tens,thousands,highly,qualified,computer,nerds,apparently,place,always,turn,really,desperate,dark,recent,report,security,firm,kaspersky,shows,,,,,,,
former,employee,network,technology,provider,ubiquiti,pleaded,guilty,multiple,felony,charges,posing,anonymous,hacker,attempt,extort,almost,million,worth,employed,company,report,nickolas,,,,,
look,five,trends,expect,blockchain,,,,,,,,,,,,,,,,,,,,,,,
launches,deserve,every,second,wolf,streets,trader,scott,melker,said,,,,,,,,,,,,,,,,,,
german,online,bank,said,tuesday,would,expand,list,countries,customers,trade,include,germany,switzerland,,,,,,,,,,,,,,
outlet,coindesk,exploring,full,partial,sale,business,hired,investment,bank,lazard,href,wwreuterscom,companies,lazn,target,blank,lazn,lead,process,media,company,chief,executive,said,,,
semafor,planning,founder,bankman,fried,roughly,million,investment,news,startup,york,times,reported,wednesday,citing,company,chief,executive,officer,,,,,,,,,
salvador,repaid,million,bond,finance,minister,alejandro,zelaya,said,monday,bond,mature,central,american,country,faced,pressure,make,progress,cutting,debt,,,,,,,
companies,scheduled,release,fourth,quarter,earnings,results,week,,,,,,,,,,,,,,,,,,,,
eigentlich,wollte,justiz,hunderte,eines,gest,ndigen,geldw,schers,beschlagnahmen,doch,sein,bruder,konnte,sich,kryptogelds,chtigen,,,,,,,,,,,
mitteilte,halten,verschiedene,rden,bundes,rund,investment,habe,aber,nicht,angeschafft,,,,,,,,,,,,,,,,,
another,exciting,announcement,country,salvador,announced,passing,digital,asset,issuance,legislation,proposed,last,november,digital,asset,regulatory,framework,paves,much,anticipated,volc,,,,,,
hong,kong,securities,watchdog,propose,subset,tokens,would,allow,retail,investors,trading,chief,executive,said,wednesday,presses,regulatory,regime,make,city,friendly,startups,,,,,
presentation,sony,announced,afeela,brand,electric,cars,collaboration,honda,seems,fairly,standard,futuristic,concept,first,glance,albeit,slightly,sillier,name,save,function,particular,,,,,
thursday,report,investors,turn,attention,fourth,quarter,earnings,kick,friday,banks,,,,,,,,,,,,,,,,,
alphabet,follows,microsoft,meta,others,tech,giants,announcing,mass,layoffs,wall,street,continues,brace,economic,downturn,,,,,,,,,,,,
treasury,took,extraordinary,measures,thursday,meet,obligations,officially,debt,ceiling,congress,,,,,,,,,,,,,,,,,
despite,recession,fears,labor,market,solid,jobless,claims,unexpectedly,fell,last,week,economist,forecasts,,,,,,,,,,,,,,
gross,domestic,product,fourth,quarter,rose,annualized,pace,commerce,department,said,thursday,,,,,,,,,,,,,,,,
earnings,season,heating,industrial,giants,reporting,early,tuesday,tech,heavyweights,later,,,,,,,,,,,,,,,,,
ukraine,financial,sanctions,continue,weigh,country,sberbank,eyeing,foray,,,,,,,,,,,,,,,,,,,
insider,hallam,bullock,rounded,markets,stories,including,tips,stocks,expect,rest,,,,,,,,,,,,,,,,,
insider,phil,rosen,speaks,executive,behind,driven,fund,leverages,watson,supercomputer,,,,,,,,,,,,,,,,,
outlook,horrible,great,galaxy,digital,said,time,heal,rebuild,narrative,,,,,,,,,,,,,,,,,,
core,increased,december,year,november,annual,pace,line,forecasts,,,,,,,,,,,,,,,,,,,
gained,week,nasdaq,jumped,,,,,,,,,,,,,,,,,,,,,,,,
companies,reported,earnings,beat,profit,estimates,median,according,fundstrat,,,,,,,,,,,,,,,,,,,
companies,reported,earnings,beat,profit,estimates,median,according,fundstrat,,,,,,,,,,,,,,,,,,,
first,last,recent,enormous,implosion,industry,previously,seen,examples,parade,external,theft,internal,theft,anti,money,laundering,failures,cybercrime,enablement,loss,cryptographic,keys,,,,,
geldw,scher,diebesbr,arbeitnehmer,tsmc,prognose,ermahnt,tiktok,chef,kritik,heren,rundfunkgeb,hren,,,,,,,,,,,,,,,
african,currencies,plunged,last,year,federal,reserve,interest,rate,hikes,drove,dollar,higher,promoted,hedge,according,wall,street,journal,,,,,,,,,
ether,nnen,kunden,bald,auch,smartphone,bank,erwerben,partner,bitpanda,,,,,,,,,,,,,,,,,,
literally,scam,criminal,activity,total,real,bubble,ponzi,scheme,going,bust,economist,nouriel,roubini,said,,,,,,,,,,,,,
coinbase,stock,recovery,mode,slammed,,,,,,,,,,,,,,,,,,,,,,,
prospect,part,twitter,payments,ecosystem,ramped,meme,coin,gain,january,,,,,,,,,,,,,,,,,,
alameda,research,received,billion,genesis,height,lending,relationship,according,wall,street,journal,,,,,,,,,,,,,,,,
chairman,jerome,powell,said,conference,stockholm,restoring,price,stability,requires,unpopular,decisions,,,,,,,,,,,,,,,,
strengthening,balance,sheet,reducing,operating,expenses,preserving,liquidity,according,shareholder,letter,seen,bloomberg,,,,,,,,,,,,,,,
december,report,inform,investors,whether,federal,reserve,needs,continue,hiking,interest,rates,aggressively,,,,,,,,,,,,,,,
half,companies,reported,fourth,quarter,earnings,companies,beat,profit,estimates,median,,,,,,,,,,,,,,,,,
would,assume,industry,learn,failures,come,things,head,innovation,told,reuters,,,,,,,,,,,,,,,,,
cuban,touted,voyager,multiple,occasions,previously,calling,bankrupt,lender,close,risk,free,gonna,,,,,,,,,,,,,,,
customers,japan,february,withdraw,holdings,exchange,,,,,,,,,,,,,,,,,,,,,,
floki,another,shiba,themed,token,named,musk,soaring,plans,burn,tokens,remove,circulation,,,,,,,,,,,,,,,
bond,yields,soared,friday,january,jobs,report,showed,payroll,gains,unemployment,rate,year,,,,,,,,,,,,,,,
easy,cash,impact,felt,world,markets,hopeful,pain,aggressive,rate,hikes,high,inflation,passed,,,,,,,,,,,,,,
investment,banker,barry,silbert,worked,highest,profile,corporate,failures,founder,venture,capital,firm,digital,currency,group,parent,troubled,firm,genesis,grappling,problems,closer,home,,,,
salvador,cleared,million,bond,payment,hurdle,week,lingering,concerns,financing,sources,fiscal,policy,focus,country,prepares,annual,visit,international,monetary,fund,,,,,,,
founder,defunct,business,sentenced,tuesday,eight,years,prison,defrauding,investors,customers,millions,dollars,marketing,virtual,currency,called,coin,lies,half,truths,,,,,,,
bankrupt,exchange,said,report,creditors,tuesday,million,stolen,result,hacks,,,,,,,,,,,,,,,,,,
collapse,prices,digital,assets,past,year,allow,investors,focus,true,value,technology,distributed,ledger,smart,contracts,built,former,reserve,bank,india,governor,raghuram,,,,,
global,exchange,kucoin,offers,multiple,payment,options,nfts,traders,limited,access,,,,,,,,,,,,,,,,,
four,owned,according,investigatory,documents,viewed,wall,street,journal,coindesk,reports,documents,probes,york,attorney,general,federal,commodity,futures,trading,commission,,,,,,,
general,secretary,says,ahead,wednesday,strike,teachers,undervalued,underpaid,overworked,teachers,mary,bousted,national,education,union,said,government,called,last,ditch,talks,monda,,,,,
exchange,cryptocom,longer,facilitate,transactions,involving,canada,plans,delist,largest,stablecoin,market,capitalization,customers,region,decrypt,reports,cryptocom,delisted,usdt,users,,,,,,,
firm,helmed,inspector,gadget,creator,lucrative,ties,bankman,fried,failed,exchange,forbes,reported,,,,,,,,,,,,,,,
every,device,native,network,iphone,wireless,hotspot,devices,robust,connection,availableset,personal,hotspot,iphone,provide,devices,,,,,,,,,,,,
girls,sexually,assaulted,vision,tests,officials,said,,,,,,,,,,,,,,,,,,,,,
joanna,lumley,delights,musical,exchanges,real,husband,turns,comedy,fictional,spouse,excellent,aleks,krotoski,tells,story,bruce,pulls,shockerjoanna,maestro,nuzzle,burning,,,,,,
year,pupil,milly,bell,headteacher,elisabeth,broers,united,support,teachers,going,strike,weekafter,three,years,disrupted,education,form,home,learning,bubbles,incessant,mask,wearing,classmates,want,,
want,access,iphone,internet,connection,teach,methods,wired,wireless,,,,,,,,,,,,,,,,,,,
indian,fishermen,stranded,remote,island,found,innovative,ways,survive,,,,,,,,,,,,,,,,,,,
york,times,covered,research,authored,john,griffin,finance,professor,university,texas,hong,kong,based,bitfinex,largest,least,regulated,exchanges,industry,,,,,,,,
felt,failure,found,breastfeeding,painful,visual,helped,make,sense,mothers,divine,mothers,royal,mothers,ancient,clay,statuettes,pregnant,women,contemporary,explorations,birth,,,,,,
former,labour,sheffield,hallam,accused,making,fraudulent,expenses,claims,nearly,former,labour,accused,expenses,fraud,thousands,pounds,debt,drug,dealer,regularly,took,five,grams,cocaine,court,,
capture,holt,rliche,farben,feine,details,dateien,heraus,hersteller,workflow,gebasteltwir,haben,version,getestet,,,,,,,,,,,,,,
insider,phil,rosen,explains,strangest,latest,developments,surrounding,defunct,firm,founder,bankman,fried,,,,,,,,,,,,,,,
pleiten,skandalen,gezeichnete,kryptow,hrungsbranche,kommt,nicht,ruhe,gleich,mehrere,firmen,beginnen,jahr,entlassungen,,,,,,,,,,,,,,
highlight,cool,technologies,mentioned,dark,forest,,,,,,,,,,,,,,,,,,,,,,
twitter,announced,free,access,likely,bringing,sites,popular,accounts,,,,,,,,,,,,,,,,,,,
three,winner,year,,,,,,,,,,,,,,,,,,,,,,,,,
asset,exchange,wallet,provider,cryptocom,announced,delist,world,leading,stablecoin,canadians,cryptocom,recently,emailed,canadian,customers,notifying,would,supported,,,,,,,,,
world,largest,stablecoin,market,capitalization,never,received,loan,bankrupt,lender,celsius,according,chief,technology,officer,paolo,ardoino,bitfinex,exchange,took,twitter,,,,,,,
apple,pencil,samsung,microsoft,surface,pretty,great,also,expensive,replace,lose,zooploop,solves,problem,silicone,loops,around,tablet,case,securely,grips,styluses,,,,,,
link,offered,first,affordable,router,archer,even,cheaper,limited,time,sale,,,,,,,,,,,,,,,,,
submitted,gabriel,colinif,looking,reliable,attach,gear,pouch,even,trayvax,link,provides,strength,convenience,need,link,features,extremely,simple,efficient,design,,,,,,,
name,suggests,studio,cart,video,cart,tethering,cart,cart,studio,studio,grows,need,move,things,around,studio,cart,really,help,workflow,obviously,help,move,things,around,,
verhaftungen,darunter,betreiber,kryptob,bitzlato,melden,rden,beidseits,atlantik,bitzlato,soll,drogen,segeld,gewaschen,haben,,,,,,,,,,,,,
netflix,quiet,western,front,proves,surprise,awards,season,better,time,list,guide,readers,favourite,films,languages,film,reigned,supreme,nominations,baftas,week,surprisingly,,,,,
dive,right,deep,complicated,market,three,popular,well,known,easy,understand,,,,,,,,,,,,,,,,,
grown,popularity,since,collapse,frequently,reaches,daily,transfer,volumes,four,five,times,recorded,major,competitor,usdt,according,data,blockchain,analytics,firm,glassnode,despite,market,,,,
nikon,released,versions,picture,control,utility,studio,details,nikon,picture,control,utility,version,added,support,firmware,version,added,support,macos,ventura,version,picture,control,utility,,,
heimliche,macht,kryptomarkt,stablecoin,nnen,anleger,kursgewinne,anderen,kryptow,hrungen,absichern,doch,gibt,einige,probleme,,,,,,,,,,,,,
post,contains,spoilers,last,video,game,series,name,,,,,,,,,,,,,,,,,,,,
well,played,feds,next,ransomware,rampant,strong,passwords,important,,,,,,,,,,,,,,,,,,,
vivianne,castillo,argues,designer,relationship,hope,outsized,impact,values,research,practice,,,,,,,,,,,,,,,,,
week,morning,train,reads,raises,rates,says,done,think,even,says,expects,ongoing,rate,hikes,expect,next,move,rates,year,morningstar,boom,times,online,classi,,,
rush,first,true,game,year,contender,delivering,unforgettable,rhythm,action,experience,,,,,,,,,,,,,,,,,
stablecoin,usage,continues,climb,hundreds,thousands,users,relying,dollar,pegged,every,,,,,,,,,,,,,,,,,
highly,volatile,asset,class,many,digital,coins,considered,speculative,invest,safely,volatile,market,,,,,,,,,,,,,,,
coinspeaker,demand,usdc,stablecoin,skyrockets,collapse,following,series,events,took,place,appears,circle,issued,usdc,stablecoin,suddenly,found,favorite,option,among,users,according,,,,,
coinspeaker,cryptocom,delists,usdt,canadians,following,leading,global,exchanges,cryptocom,announced,decision,delist,usdt,stablecoin,canadians,order,comply,instructions,ontario,securities,,,,,,,
salvador,faced,tough,year,making,legal,tender,country,country,legislative,assembly,voted,pass,historic,digital,asset,issuance,legislation,expected,stage,issuing,president,nayib,bukele,,,,
jpmorgan,jamie,dimon,previously,slammed,ponzi,scheme,thursday,told,cnbc,squawk,decentralised,ponzi,scheme,hyped,fraud,dimon,says,people,lost,billions,dollars,believes,,,,,
leading,financial,institution,moody,corporation,reportedly,working,scoring,system,stablecoins,assessing,quality,reserves,attestation,bloomberg,reported,bloomberg,citing,person,familiar,matter,repo,,,,,,
sister,wives,robyn,brown,kody,brown,remaining,wife,sole,reality,blue,light,online,rights,forums,finally,melted,frontal,lobe,right,ears,said,something,misogynistic,sunday,season,finale,epis
moody,wants,build,scoring,system,stablecoins,market,grows,amid,increased,regulatory,attention,system,provide,rating,system,stablecoins,based,quality,reserve,attestations,leading,stablecoins,market,,,,
coinspeaker,winter,looks,thaw,paving,takeovers,coin,eyes,coin,eyes,coin,glides,passed,million,mark,weekend,currently,presale,coin,gathered,increasing,legion,,,,,,
price,broke,descending,resistance,line,despite,overwhelmingly,bearish,news,firstly,firm,announced,would,delist,usdt,canadians,order,comply,canadian,securities,administrators,days,late,,,,,
paranoia,turmoil,industry,caused,liquidity,bankruptcy,scandal,major,digital,asset,service,providers,space,began,publicizing,reserve,funds,latest,join,proof,reserve,trend,indian,,,,,
former,prime,minister,boris,johnson,reportedly,received,record,breaking,million,million,donation,thailand,based,investor,bitifinex,parent,company,shareholder,friday,updated,register,interests,reveals,,,,
near,trillion,collapse,market,make,dent,traditional,assets,stocks,real,economy,academic,warned,failure,major,stablecoin,could,impact,bond,market,marking,,,,,,,
japan,regulations,allowing,investors,trade,using,stablecoins,usdt,expected,adopted,later,june,according,local,financial,authority,financial,services,agency,japan,working,lifting,,,,,,
posted,last,week,poll,smartphone,charging,speeds,kept,hours,minutes,minutes,options,evenly,matched,outpacing,answers,poll,things,started,turn,,,,,,,,
latest,distributed,ledger,columns,marketwatch,weekly,look,important,moves,news,,,,,,,,,,,,,,,,,,
today,nikon,released,version,wireless,transmitter,utility,support,latest,added,support,macos,ventura,version,ended,support,macos,catalina,version,,,,,,,,,
flashback,troubled,army,program,,,,,,,,,,,,,,,,,,,,,,,,
benro,preparing,release,tripods,kickstarter,called,benro,theta,theta,sort,smart,tripods,biggest,features,boast,auto,levelling,tripods,world,first,,,,,,,,
usdt,visa,mastercard,,,,,,,,,,,,,,,,,,,,,,,,,
video,test,fujifilm,canon,studio,camera,originally,intended,compare,image,quality,fuji,megapixel,cropped,sensor,canon,megapixel,full,frame,sensor,,,,,,,,
commenc,soci,distinctes,dirig,ancien,chirurgien,plasticien,giancarlo,devasini,ancien,enfant,acteur,brock,pierce,devasini,velopper,bourse,bitfinex,maintenant,directeur,financier,,,,,,,
algorithmic,stablecoins,controversial,several,reasons,trust,,,,,,,,,,,,,,,,,,,,,,
since,merge,change,blockchain,,,,,,,,,,,,,,,,,,,,,,,,
wanted,create,simple,accessory,prevent,golfer,losing,airborne,said,inventors,sugar,hill,,,,,,,,,,,,,,,,
snoopy,come,home,world,famous,astronaut,splashed,nasa,artemis,orion,spacecraft,december,month,later,beagle,removed,capsule,,,,,,,,,,,
takiego,czenia,spodziewa,picodi,binance,,,,,,,,,,,,,,,,,,,,,,,
darpa,wants,satellites,closer,earth,drag,resistance,thermosphere,miles,miles,planet,darpa,wants,earth,orbit,vleo,orbits,less,,,,,,,,,,
usdt,stablecoin,issuer,never,borrowed,celsius,paolo,ardoino,said,response,statements,celsius,examiner,report,,,,,,,,,,,,,,
collaborates,inhope,disrupt,illegal,fund,online,exchange,child,abuse,material,,,,,,,,,,,,,,,,,,
york,attorney,general,commodity,futures,trading,commission,probes,exposed,previously,unknown,ownership,structure,,,,,,,,,,,,,,,
today,edition,download,weekday,newsletter,provides,daily,dose,going,world,technology,indian,health,care,workers,whatsapp,save,pregnant,women,across,india,women,cadre,million,communit,,,
likely,survive,firms,currencies,crash,burn,,,,,,,,,,,,,,,,,,,,,,
radware,ddos,passion,passion,killnet,mirai,venom,,,,,,,,,,,,,,,,,,,,,
climbing,show,produced,jason,momoa,proof,competitions,team,effort,,,,,,,,,,,,,,,,,,,
move,comes,quality,stablecoin,reserves,continues,receive,scrutiny,,,,,,,,,,,,,,,,,,,,
bien,couverture,cesse,tendre,faut,avouer,tout,monde,toujours,enseigne,heureusement,solutions,existent,pour,dier,parmi,elles,link,teur,routeur,teur,,,,,,,
logan,paul,convinced,fans,invest,millions,several,projects,including,cryptozoo,liquid,marketplace,many,lost,money,,,,,,,,,,,,,
reached,italian,architect,alfredo,vanotti,snug,stone,house,italian,countryside,anticipate,deep,architect,place,would,building,used,past,stable,,,,,,,,,
usdc,stablecoin,issued,circle,seen,transfer,volumes,surge,following,fallout,often,recording,daily,volumes,leading,competitor,usdt,issued,boasts,market,billion,,,,,,,
registered,exchanges,ontario,canada,cannot,list,usdt,regulatory,prohibition,,,,,,,,,,,,,,,,,,,
council,utility,workers,city,dnipro,seen,dismantling,giant,statue,previously,placed,centre,city,monument,russian,scientist,,,,,,,,,,,,
pair,north,korean,hacker,groups,behind,june,theft,million,assets,horizon,bridge,federal,bureau,investigation,said,monday,statement,,,,,,,,,,
move,first,expansion,stargate,beyond,layerzero,technology,,,,,,,,,,,,,,,,,,,,,
since,depegging,terrausd,consumers,become,critical,stablecoins,work,paolo,ardoino,chief,technology,officer,popular,stablecoin,usdt,breaks,stablecoins,work,responds,frequently,,,,,,,
eine,kurzer,dauer,indische,adani,gruppe,verliert,nach,angriff,shortsellers,hindenburg,research,weiter,massiv,wert,leerverk,ufer,einen,reichsten,nner,welt,attackiert,,,,,,
exchange,huobi,blocked,funds,tied,hack,monday,morning,,,,,,,,,,,,,,,,,,,,
need,replacement,dbal,illuminator,cover,available,black,coyote,brown,ranger,green,wolf,grey,wooldand,multicam,multicam,alpine,multicam,arid,multicam,tropic,made,laser,berry,compliant,brookwood,,
best,casinos,offer,unparalleled,gaming,experience,much,many,punters,abandoned,traditional,online,casinos,stablecoin,pegged,united,states,dollar,allowing,avoid,usual,vola,,,,,,
along,degree,camerawork,well,timed,laughter,whole,alberta,town,came,together,make,societal,collapse,feel,true,show,version,,,,,,,,,,
half,price,available,online,,,,,,,,,,,,,,,,,,,,,,,,
exchange,said,timing,mismatch,backing,binance,busd,busd,seemingly,showing,data,stablecoin,fully,backed,times,,,,,,,,,,,,,
hypergrowth,cloud,stock,still,room,,,,,,,,,,,,,,,,,,,,,,,
signing,online,casino,,,,,,,,,,,,,,,,,,,,,,,,,
move,comes,canadian,securities,administrators,committed,stronger,oversight,exchanges,following,collapse,,,,,,,,,,,,,,,,,
algorithmic,stablecoins,terrausd,accepted,planned,regulatory,regime,hong,kong,monetary,authority,said,,,,,,,,,,,,,,,,
japan,plans,introduce,regulations,june,year,allow,domestic,investors,trade,certain,stablecoins,overseas,,,,,,,,,,,,,,,
gained,nearly,year,world,largest,track,best,month,since,,,,,,,,,,,,,,,,,,,
tanmay,misra,writes,india,looking,become,great,power,world,stage,ability,seems,draining,within,pravasi,bharatiya,diwas,seeks,paper,contradiction,things,,,,,,,
sistema,incluir,lise,stablecoins,base,qualidade,atestados,reservas,apoiam,moody,trabalhando,sistema,pontua,para,stablecoins,tokens,mais,negociados,setor,cripto,medida,classe,ativ,,,,,
week,ebay,plus,deal,,,,,,,,,,,,,,,,,,,,,,,,
bucked,wider,downward,trend,meme,token,surged,tuesday,amid,reports,elon,musk,plan,twitter,payments,,,,,,,,,,,,,
prospect,part,twitter,payments,ecosystem,ramped,meme,coin,gain,january,,,,,,,,,,,,,,,,,,
floki,another,shiba,themed,token,named,musk,soaring,plans,burn,tokens,remove,circulation,,,,,,,,,,,,,,,
surges,rally,intact,analyst,says,could,awaken,dormant,long,term,bulls,benzinga,,,,,,,,,,,,,,,,
twitter,owner,elon,musk,long,flirted,ever,integrated,platform,,,,,,,,,,,,,,,,,,,
charge,dragging,market,floor,electrifying,bonk,meme,coin,,,,,,,,,,,,,,,,,,,,
little,inherent,value,mostly,driven,hyped,narratives,pushed,online,market,participants,recent,report,states,,,,,,,,,,,,,,
warren,buffett,year,business,partner,called,wild,speculation,dearth,regulation,predatory,nature,industry,,,,,,,,,,,,,,,
eigentlich,wollte,justiz,hunderte,eines,gest,ndigen,geldw,schers,beschlagnahmen,doch,sein,bruder,konnte,sich,kryptogelds,chtigen,,,,,,,,,,,
learn,outs,starting,ending,whether,consider,investing,,,,,,,,,,,,,,,,,,,,,
meme,token,seeing,support,important,backer,today,,,,,,,,,,,,,,,,,,,,,
valued,higher,coinbase,time,panic,,,,,,,,,,,,,,,,,,,,,,,
year,fundamental,catalysts,supporting,rise,,,,,,,,,,,,,,,,,,,,,,,
latest,distributed,ledger,columns,marketwatch,weekly,look,important,moves,news,,,,,,,,,,,,,,,,,,
investors,think,long,hard,investing,speculative,token,,,,,,,,,,,,,,,,,,,,,
global,exchange,kucoin,offers,multiple,payment,options,nfts,traders,limited,access,,,,,,,,,,,,,,,,,
rose,today,investors,upbeat,trajectory,interest,rates,,,,,,,,,,,,,,,,,,,,,
three,large,tokens,feeling,effects,uncertainty,related,selling,pressure,today,,,,,,,,,,,,,,,,,,
arrest,exchange,investor,rattled,market,,,,,,,,,,,,,,,,,,,,,,,
market,pleased,results,federal,reserve,meeting,concluded,yesterday,afternoon,,,,,,,,,,,,,,,,,,,
probably,seen,dozens,examples,chatgpt,using,generative,training,transformer,deep,learning,system,current,models,genuinely,impressive,google,search,jobs,search,,,,,,,,
data,reveals,meme,token,fastest,assets,decreasing,carbon,emissions,according,report,foreign,exchange,data,aggregator,forexsuggest,third,fastest,digital,asset,lowering,carbon,,,,,,
verhaftungen,darunter,betreiber,kryptob,bitzlato,melden,rden,beidseits,atlantik,bitzlato,soll,drogen,segeld,gewaschen,haben,,,,,,,,,,,,,
broad,surge,coins,tokens,compounded,renewed,interest,coins,,,,,,,,,,,,,,,,,,,,
noviembre,registr,picado,llevando,precio,reconocida,criptomoneda,debajo,lares,asemejando,precio,niveles,finales,resultaba,sorprendente,esta,cifra,estab,,,,,,,,,,
registered,monthly,high,january,markets,remained,bullish,rallied,last,days,reaching,monthly,high,leading,meme,coin,attracting,heavy,bullish,sentiments,,,,,,,,
inflation,data,december,line,expectations,,,,,,,,,,,,,,,,,,,,,,,
reporting,transactions,taxes,important,ever,experts,right,,,,,,,,,,,,,,,,,,,,,
cooled,today,good,start,,,,,,,,,,,,,,,,,,,,,,,,
macroeconomic,factors,drivers,comes,right,,,,,,,,,,,,,,,,,,,,,,,
major,trading,higher,wednesday,evening,global,market,rose,billion,also,best,hold,matters,traded,higher,tandem,stocks,,,,,,,,,,,
cours,maintient,euros,depuis,vendredi,hausse,surprend,investisseurs,dans,contexte,plut,morose,pour,march,,,,,,,,,,,,,,
reclaimed,friday,afternoon,reach,month,high,eclipsing,thursday,rise,came,attorneys,bankrupt,exchange,announced,recovered,billion,liquid,assets,binance,coin,,,,,,,,
whales,existence,eyeing,rival,shiba,shib,according,chain,data,keeping,track,biggest,whales,network,blockchain,tracker,service,whalestats,says,shib,third,largest,holding,among,,,,
investors,moving,interest,snowfall,protocol,recall,incredible,runs,shiba,shib,spring,tokens,built,strong,communities,powered,watering,returns,lots,millionaires,,,,,,,,
rose,week,high,saturday,prices,rose,resistance,level,start,weekend,meme,coin,climbed,strongest,point,since,december,global,market,mostly,green,today,session,avalanche,,,,
monday,elon,musk,surprised,everyone,news,twitter,started,applying,regulatory,licenses,enter,payments,business,sent,price,soaring,previously,reported,rumors,,,,,,,,
themed,meme,appears,enjoy,strong,ties,tech,billionaire,twitter,owner,elon,musk,appears,struggling,gain,enough,ground,major,upward,swing,peaking,january,fell,victim,price,,,
themed,memecoin,soaring,news,spreads,elon,musk,reportedly,making,moves,could,bring,payments,twitter,according,financial,times,twitter,applying,regulatory,licenses,throughout,united,state,,,,
ever,wanted,piece,meme,history,could,soon,luck,couch,original,meme,inspired,logo,coming,auction,block,could,unique,piece,,,,,,,,,
shiba,emerged,successful,meme,coins,head,head,competition,shiba,team,working,relentlessly,different,projects,community,even,though,best,year,cryptoc,,,,,,,,
elon,musk,wake,dormant,wallets,earlier,today,ancient,address,inactive,years,made,moves,address,entailed,worth,huge,number,caught,communit,,,,,,,,
market,recovery,began,days,starting,show,first,signs,weakness,majority,assets,short,term,stalemate,however,enormous,volume,spike,return,liquidity,market,could,sign,upcomin,,,,
report,gary,james,harmon,pleaded,guilty,january,stealing,international,revenue,service,valued,approximately,million,time,part,plea,gary,harmon,also,agreed,forfeit,crypt,,,,,
billionaire,wants,fast,food,chain,accept,payment,burgers,,,,,,,,,,,,,,,,,,,,
tuesday,morning,train,reads,declining,interest,rates,responsible,stock,growth,declining,interest,rates,responsible,stock,growth,least,extremes,interest,rate,changes,always,determine,investm,,,,
early,bonk,already,investors,barking,meme,coin,rally,,,,,,,,,,,,,,,,,,,,
market,roaring,start,wall,street,feeling,groove,meme,fuelled,retail,focused,trading,many,ways,epitomized,pleasure,pain,whipsaw,back,look,favorite,,,,,,,
themed,built,smart,contract,platform,solana,surging,despite,ecosystem,recent,struggles,bonk,bonk,shiba,shib,rival,seen,significant,gains,since,debut,december,,,,,,
breaches,financial,promotions,guidelines,lead,year,prison,sentence,according,regulator,,,,,,,,,,,,,,,,,,
forklog,,,,,,,,,,,,,,,,,,,,,,,,,,,
meme,coin,whopping,peak,,,,,,,,,,,,,,,,,,,,,,,,
article,high,level,overview,stateful,utxo,model,invented,works,allows,stateful,utxo,model,sutxo,main,innovations,brought,,,,,,,,,,,
power,influencers,affecting,public,perception,therefore,causing,alterations,value,product,service,asset,currency,increased,point,crash,uplift,entire,markets,content,takes,,,,,,,
markets,remain,green,consecutive,days,monday,tuesday,reached,mark,solana,cardano,rally,double,digit,spikes,bringing,change,pace,overall,enthusiasm,seems,,,,,,,
shiba,price,went,parabolic,wednesday,reached,high,november,developers,wrote,upcoming,shibarium,launch,shiba,shib,price,went,parabolic,investors,reacted,latest,developments,shibarium,launch,shib,,,
robinhood,holds,roughly,million,worth,shiba,shib,listing,token,robinhood,holds,billion,worth,assets,virtual,machine,chains,interestingly,enough,grogan,claims,roughly,tagg,,,,,
market,outflows,billion,last,hours,currently,stands,billion,billion,reporting,period,market,decreased,,,,,,,,,,,,,,,
paranoia,turmoil,industry,caused,liquidity,bankruptcy,scandal,major,digital,asset,service,providers,space,began,publicizing,reserve,funds,latest,join,proof,reserve,trend,indian,,,,,
since,introduction,inspired,explosion,alternative,coins,altcoins,number,want,invest,option,diversify,holding,,,,,,,,,,,,,,,
data,reveals,shiba,shib,holdings,world,largest,whales,grown,hundreds,millions,dollars,less,week,according,whale,surveying,platform,whalestats,whales,gobbled,,,,,,,
market,inflows,billion,last,hours,currently,stands,billion,billion,reporting,period,market,grew,billion,billion,,,,,,,,,,,,,
experienced,massive,uptick,floki,voted,burn,trillion,tokens,price,floki,floki,surged,past,hours,according,provided,coinmarketcap,token,market,surpassed,million,,,,,,,
former,chief,executive,exchange,bitmex,arthur,hayes,warned,disastrous,global,financial,meltdown,could,crash,price,market,,,,,,,,,,,,
chair,jerome,powell,give,speech,tomorrow,deliver,shock,wake,call,stock,markets,,,,,,,,,,,,,,,,
former,chief,executive,exchange,bitmex,arthur,hayes,warned,disastrous,global,financial,meltdown,could,crash,price,market,,,,,,,,,,,,
network,validator,gives,update,launch,date,shibarium,public,beta,testnet,launch,shib,benefit,greatly,launch,adoption,bound,rise,possibly,send,prices,shiba,market,laun,,,,
following,overall,decline,market,cardano,recorded,year,coin,fell,four,week,bearish,impact,lost,value,fall,december,volatility,remains,notable,attributes,,,,,,,
performs,poorly,elon,steps,twitter,litecoin,mweb,upgrade,year,snowfall,protocol,performed,well,presale,stage,elon,musk,broken,silence,response,user,poll,twitter,asking,whether,,,
coinspeaker,winter,looks,thaw,paving,takeovers,coin,eyes,coin,eyes,coin,glides,passed,million,mark,weekend,currently,presale,coin,gathered,increasing,legion,,,,,,
price,solana,based,meme,coin,sensation,bonk,bonk,lost,momentum,appears,though,current,hype,surrounding,token,gradually,clearing,data,coinmarketcap,showed,though,coin,trading,price,,,
trillion,shiba,shib,worth,million,moved,unknown,wallet,late,thursday,happened,comes,hours,later,shib,developer,shytoshi,kusama,confirmed,discord,channel,goal,shibairum,burn,trillions,,,
prices,remained,mostly,flat,market,opened,wednesday,traders,await,federal,reserve,interest,rate,decision,comments,subsequent,press,conference,afternoon,fell,around,accordi,,,,,,
projekt,einem,lieblinge,krypto,szene,bernahme,twitter,durch,tesla,chef,elon,musk,befl,gelt,kurs,hype,lohnt,sich,investment,,,,,,,,,
projekt,einem,lieblinge,krypto,szene,eine,neue,twitter,ndigung,tesla,chef,elon,musk,befl,gelt,kurs,erneut,hype,diesmal,lohnt,sich,investment,,,,,,
upgrade,token,listing,sent,shib,tokens,another,nice,rally,past,weekend,,,,,,,,,,,,,,,,,
surged,saturday,amid,optimism,bottomed,inflation,peaked,,,,,,,,,,,,,,,,,,,,,
room,,,,,,,,,,,,,,,,,,,,,,,,,,,
market,capitalization,dropped,past,hours,following,decline,equity,markets,,,,,,,,,,,,,,,,,,,
biden,administration,said,congress,needs,step,efforts,regulating,market,,,,,,,,,,,,,,,,,,,
biden,administration,said,congress,needs,step,efforts,regulating,market,,,,,,,,,,,,,,,,,,,
rise,analyst,says,killer,still,chance,survive,benzinga,,,,,,,,,,,,,,,,,,,,
analyze,business,strategies,popular,stocks,might,find,company,,,,,,,,,,,,,,,,,,,,
major,suddenly,leaped,higher,trading,sideways,last,week,,,,,,,,,,,,,,,,,,,,
major,rocketed,higher,week,adding,almost,billion,combined,market,betting,rally,getting,started,,,,,,,,,,,,,,,
investors,excited,upcoming,launch,shibarium,,,,,,,,,,,,,,,,,,,,,,,
hablar,criptomonedas,hablar,promesas,promesas,siempre,cumplen,lleg,hundirse,niveles,perdiendo,mitad,valor,arrastrando,consigo,enorme,crisis,dentro,territorio,cripto,pero,todo,baja,puede,,,,
mining,limited,nyse,btcm,mining,company,company,leading,technology,driven,mining,company,today,,,,,,,,,,,,,,,
algorithmic,stablecoins,controversial,several,reasons,trust,,,,,,,,,,,,,,,,,,,,,,
since,merge,change,blockchain,,,,,,,,,,,,,,,,,,,,,,,,
called,killer,surged,almost,last,month,blockchain,debut,,,,,,,,,,,,,,,,,,,,
article,present,views,invest,click,picks,securities,avoid,,,,,,,,,,,,,,,,,,,,
price,reclaims,asset,recovery,investor,investor,business,daily,,,,,,,,,,,,,,,,,,,,
inspired,digital,token,start,year,,,,,,,,,,,,,,,,,,,,,,,
gotten,pretty,good,start,horrid,year,,,,,,,,,,,,,,,,,,,,,,
momentum,might,accelerate,year,sizzle,could,also,fizzle,,,,,,,,,,,,,,,,,,,,
musk,backtracked,accepting,payments,tesla,believed,even,though,created,silly,joke,better,suited,transactions,,,,,,,,,,,,,,
recent,achievement,alongside,active,community,cases,could,position,meme,coin,viable,financial,instrument,,,,,,,,,,,,,,,
blockchain,much,different,position,year,external,factors,incoming,regulation,broader,market,trends,play,significant,role,projects,deserve,substantial,backing,,,,,,,,,
vishal,chawla,block,,,,,,,,,,,,,,,,,,,,,,,,,
highest,potential,profit,today,might,surprising,direct,investment,future,business,online,,,,,,,,,,,,,,,,,
plunging,price,charts,fool,credible,plans,long,term,growth,,,,,,,,,,,,,,,,,,,
arrest,exchange,investor,rattled,market,,,,,,,,,,,,,,,,,,,,,,,
large,tokens,finally,,,,,,,,,,,,,,,,,,,,,,,,,
three,large,tokens,feeling,effects,uncertainty,related,selling,pressure,today,,,,,,,,,,,,,,,,,,
global,exchange,kucoin,offers,multiple,payment,options,nfts,traders,limited,access,,,,,,,,,,,,,,,,,
three,names,smaller,less,mainstream,look,long,term,winners,robust,business,prospects,,,,,,,,,,,,,,,,
riding,wave,since,start,broader,market,rally,according,coingecko,biggest,gainers,entire,space,altcoins,among,although,token,finding,gains,past,weeks,,,,,,,
large,tokens,giving,back,gains,accrued,month,,,,,,,,,,,,,,,,,,,,,
smart,investors,keep,vital,stocks,industry,grows,money,flows,started,essential,stocks,heart,,,,,,,,,,,,,,,
multichain,blockchain,ecosystem,shown,exciting,projects,space,racking,string,impressive,achievements,final,months,fourth,quarter,ecosystem,report,polkado,,,,,,,,,,
speculative,investors,market,putting,long,hours,trying,predict,coins,greatest,price,appreciation,beyond,analysts,however,anticipate,polygon,matic,solana,orbe,,,,,,,,
launching,cross,chain,transfer,protocol,means,snowfall,protocol,cross,chain,bridges,circle,founders,usdc,launching,chain,utility,allow,users,transfer,usdc,,,,,,,
coin,bureau,host,turner,optimistic,cosmos,atom,boom,next,bull,citing,report,electric,capital,turner,tells,million,youtube,subscribers,layer,blockchains,able,,,,,,
markets,remain,green,consecutive,days,monday,tuesday,reached,mark,solana,cardano,rally,double,digit,spikes,bringing,change,pace,overall,enthusiasm,seems,,,,,,,
clothes,saint,laurent,fall,winter,menswear,show,impeccable,crowd,january,slew,tastemakers,list,actors,world,darlings,gathered,paris,bourse,commerce,witness,high,fashion,spect,,,,
rush,buying,liquidations,spike,assets,today,,,,,,,,,,,,,,,,,,,,,,
according,cardanoscan,cardano,blockchain,users,binance,busd,stablecoin,without,switching,networks,move,made,possible,finitum,bridge,newest,token,network,fmbusd,finitum,bridge,wrappe,,,,,
started,fresh,increase,support,dollar,correcting,gains,indicators,suggest,high,chances,fresh,increase,holding,ground,levels,dollar,price,,,,,,,,,,
disclaimer,datasets,shared,following,article,compiled,online,resources,reflect,ambcrypto,research,subject,last,week,showed,comparatively,tendency,cause,price,inconsis,,,,,,,,
bears,relinquish,brief,dominance,paving,bulls,extend,rally,first,half,january,observed,cardano,among,blockchain,networks,highest,development,activity,fast,forward,present,cardano,manag,,,,
quickly,rebounded,friday,hong,kong,falling,mark,news,consumer,price,index,inflation,indicator,rose,december,year,earlier,matching,expectations,,,,,,,,,
hlte,chsten,bewerteten,kryptow,hrungen,jahr,lohnt,sich,anleger,investment,,,,,,,,,,,,,,,,,,
ether,rose,thursday,afternoon,trading,asia,along,stablecoin,investors,anticipate,signs,,,,,,,,,,,,,,,,,
mundo,criptomoneda,experimentado,aumento,popularidad,ltimos,cada,personas,recurren,formas,digitales,,,,,,,,,,,,,,,,,
ether,little,changed,muted,morning,trading,wednesday,asia,stablecoin,moved,,,,,,,,,,,,,,,,,,
edged,higher,resistance,line,ether,traded,little,changed,mixed,early,morning,trading,asia,tuesday,,,,,,,,,,,,,,
sidechains,would,make,cardano,scalable,without,compromising,stability,security,main,chain,developers,said,,,,,,,,,,,,,,,
foundation,creator,multi,blockchain,protocol,taken,twitter,amplify,claim,token,security,,,,,,,,,,,,,,,,,
kusama,parachains,allow,users,make,secret,payments,,,,,,,,,,,,,,,,,,,,,
businessman,took,beloved,garden,decade,decided,radical,approach,name,sustainability,angry,critics,claim,plain,neglectjohn,curtis,enemies,runs,sized,botanical,garden,,,,,,,
ether,fell,wednesday,morning,trading,asia,along,stablecoin,investors,seemed,taking,,,,,,,,,,,,,,,,,
took,fiasco,scaring,developers,away,otherwise,promising,blockchain,system,,,,,,,,,,,,,,,,,,,
developers,mainly,focusing,alternative,ecosystems,helping,grow,faster,firm,said,report,,,,,,,,,,,,,,,,,
highly,volatile,asset,class,many,digital,coins,considered,speculative,invest,safely,volatile,market,,,,,,,,,,,,,,,
provides,among,several,blockchains,users,maintaining,high,scalability,speed,processing,transactions,also,known,multichain,network,supports,many,parachains,enabling,developers,build,blockchai,,,,,,
price,posted,significant,gains,last,week,showed,recovery,chart,altcoins,also,moved,direction,moment,however,trying,breach,immediate,resistance,past,,,,,,,,
finally,managed,break,past,rigid,price,resistance,mark,last,hours,increased,past,week,coin,secured,double,digit,gains,related,reading,price,climbs,hurdles,,,,,
rise,analyst,says,killer,still,chance,survive,benzinga,,,,,,,,,,,,,,,,,,,,
plataforma,investimentos,criptoativos,pactual,anunciou,nesta,sexta,feira,mais,,,,,,,,,,,,,,,,,,,
surging,past,altcoins,riding,broader,rally,started,since,beginning,according,coingecko,token,trading,risen,past,hours,,,,,,,,,,,,
inched,ether,slipped,tuesday,afternoon,trading,asia,trading,lower,,,,,,,,,,,,,,,,,,,
data,santiment,shows,number,market,past,month,based,development,activity,development,activity,last,days,according,data,chain,analytics,firm,santiment,,,,,,,,
auto,giant,technology,developed,hackathon,increase,business,efficiency,,,,,,,,,,,,,,,,,,,,
riding,wave,since,start,broader,market,rally,according,coingecko,biggest,gainers,entire,space,altcoins,among,although,token,finding,gains,past,weeks,,,,,,,
heimliche,macht,kryptomarkt,stablecoin,nnen,anleger,kursgewinne,anderen,kryptow,hrungen,absichern,doch,gibt,einige,probleme,,,,,,,,,,,,,
ushered,first,week,strong,note,rising,last,seven,days,data,coingecko,shows,wednesday,ecosystem,bullish,recently,following,trend,market,according,polkado,,,,,,,
price,breached,resistance,mark,past,trading,sessions,last,hours,appreciated,price,surging,caused,altcoins,also,move,upward,respective,charts,,,,,,,,,
green,image,going,steady,could,hint,price,recovery,even,though,funding,rate,plunged,showing,improvement,time,writing,quick,look,price,movement,,,,,,,
price,started,note,fall,daily,chart,could,stay,price,significant,altcoins,followed,suit,descent,chart,last,hours,lost,market,value,,,,,,,,
started,fresh,increase,support,dollar,correcting,gains,indicators,suggest,high,chances,fresh,increase,holding,ground,levels,dollar,price,,,,,,,,,,
aptos,star,studded,founders,market,disbelief,rally,could,fuel,rise,price,,,,,,,,,,,,,,,,,
open,source,software,developer,activity,peaked,last,june,fell,december,according,annual,developer,report,,,,,,,,,,,,,,
bloomberg,extended,declines,snapping,rare,winning,streak,mood,caution,supplanted,risk,appetite,drove,,,,,,,,,,,,,,,
moeda,acumula,valoriza,quase,apenas,janeiro,xtage,plataforma,criptoativos,ampliou,portf,criptomoedas,passou,negociar,tamb,moedas,nativas,ecossistemas,cardano,litecoin,solana,,,,,,,
based,astar,network,recently,announced,first,blockchain,hackathon,sponsored,japanese,toyota,motor,corporation,hakuhodo,company,founded,astar,hakuhodo,japan,largest,advertising,companies,host,,,,,
bloomberg,hashkey,capital,raised,million,create,asia,biggest,investment,pools,betting,rebound,industry,,,,,,,,,,,,,,,
toyota,getting,involved,hackathon,astar,network,tools,could,improve,vehicle,manufacturing,operations,,,,,,,,,,,,,,,,
recent,report,dappradar,revealed,last,year,gaming,centered,decentralized,applications,rivaled,defi,dapps,many,major,blockchains,,,,,,,,,,,,
trong,chuy,giai,,,,,,,,,,,,,,,,,,,,,,,,,
tradfi,forex,model,incredible,aging,chance,system,leveraging,defi,capable,best,,,,,,,,,,,,,,,,,
saat,ekle,blockchain,talks,serimizin,canl,nyas,neler,bekliyor,sorusunu,tlayaca,sizlere,daha,aktarm,,,,,,,,,,,,,,
research,revealed,best,worst,sentiment,past,three,months,uniswap,near,protocol,sandbox,found,positive,sentiment,past,three,months,solana,chainlin,,,,,,,,
started,fresh,increase,support,dollar,consolidating,gains,might,start,fresh,rally,holding,ground,levels,dollar,price,trading,,,,,,,,,,,
riding,solid,bullish,momentum,enabled,stay,green,past,hours,maintain,significant,gains,last,seven,days,according,tracking,coingecko,time,writing,changing,hands,,,,,,
hashkey,capital,global,asset,manager,specializing,blockchain,announced,today,final,closing,third,fund,hashkey,fintech,,,,,,,,,,,,,
auto,giant,technology,developed,hackathon,internal,,,,,,,,,,,,,,,,,,,,,,
ether,traded,mostly,little,changed,friday,morning,strong,week,prices,mixed,,,,,,,,,,,,,,,,,
aviv,israel,february,chainwire,israel,successful,businesses,come,together,organize,first,annual,ethtlv,february,aviv,inaugural,event,aims,invigorate,country,thriving,,,,,,,
swing,decentralized,cross,chain,liquidity,protocol,announced,today,launch,widget,software,developer,enables,cross,chain,,,,,,,,,,,,,
lovevery,global,early,childhood,brand,today,announced,launch,stage,based,subscription,play,kits,program,australian,market,,,,,,,,,,,,
going,allow,assets,move,blockchains,without,high,level,risk,inherent,bridging,,,,,,,,,,,,,,,,,
data,santiment,shows,number,market,past,month,based,development,activity,development,activity,last,days,according,data,chain,analytics,firm,santiment,,,,,,,,
alephzero,added,parachain,alephzero,zksnark,based,added,parachain,network,addition,could,likely,improve,state,ecosystem,however,despite,,,,,,,,,,,
serious,developers,fazed,crippling,prices,developer,count,increasing,throughout,according,recent,report,,,,,,,,,,,,,,,,
twitter,cashtags,feature,expanded,ether,includes,another,market,capitalization,,,,,,,,,,,,,,,,,,,
currently,staking,available,assets,yields,reportedly,ranging,,,,,,,,,,,,,,,,,,,,,
aviv,israel,february,chainwire,daovoz,collective,excited,announce,inaugural,daovoz,aviv,event,february,part,festivities,surrounding,building,blocks,event,focus,needs,builder,,,,,,
works,across,chains,smart,contracts,fungible,tokens,nfts,also,supports,communication,networks,different,consensus,mechanisms,founder,gavin,wood,announced,finally,merged,,,,,,,
none,ecosystem,weekly,digest,revealed,major,updates,happened,network,none,performance,metrics,price,fronts,promising,published,latest,edition,ecosystem,weekly,digest,january,,,,,,
data,santiment,shows,number,market,past,month,based,development,activity,development,activity,last,days,according,data,chain,analytics,firm,santiment,,,,,,,,
manga,camiseta,primer,equipo,activos,club,azulgrana,lleva,tiempo,intentando,rentabilizar,nivel,econ,mico,propuestas,diferentes,compa,club,para,cerrar,acuerdo,sucediendo,desde,lleg,,,,
going,steady,could,hint,price,recovery,even,though,funding,rate,plunged,showing,improvement,time,writing,quick,look,price,movement,price,weekly,,,,,,,
indigna,invazia,declan,edintele,vladimir,putin,trimit,sume,semnificative,bani,prin,intermediul,conform,adjunctului,ministrului,ucrainean,transform,digitale,alex,borniakov,relateaz,yahoo,finance,,,,,
since,pioneered,concept,number,blockchains,sprung,existence,development,smart,contract,blockchains,cardano,polygon,previously,matic,resulted,,,,,,,,,,,,
riding,solid,bullish,momentum,enabled,stay,green,past,hours,maintain,significant,gains,last,seven,days,according,tracking,coingecko,time,writing,changing,hands,tallying,weekl,,,,
comenzado,febrero,pero,enero,registr,grandes,hitos,lider,ranking,blockchains,mayor,desarrollo,acuerdo,datos,proofofgithub,kusama,liderado,actividad,desarrollo,diario,,,,,,,,
platform,seen,releases,since,start,week,twitter,announcement,gavin,wood,creator,says,exactly,months,development,version,emerged,enables,brid,,,,,,,,,
released,version,cross,chain,messaging,format,cross,consensus,messaging,enhances,different,blockchains,ecosystem,code,update,successfully,merged,master,branch,,,,,,,,,
last,days,highest,number,development,activity,user,activity,chain,climbed,period,emerged,leading,blockchain,terms,development,activity,according,santiment,network,reco,,,,,,,
ecosystem,weekly,digest,revealed,major,updates,happened,network,performance,metrics,price,fronts,promising,published,latest,edition,ecosystem,weekly,digest,january,highl,,,,,,,
upcoming,developments,growing,number,stakers,could,also,drive,interest,according,recent,data,provided,consumed,least,amount,electricity,compared,market,friendlin,,,,,,,,
development,activity,increased,revenue,declined,stakers,network,remain,undeterred,volatility,presented,buying,opportunities,development,activity,soared,past,months,token,terminal,reported,january,,,,,,
emelkednek,kriptovalut,amerikai,infl,adat,kedvez,fordul,befektet,hangulat,zepette,ezer,doll,felett,amire,napja,volt,,,,,,,,,,,,
second,highest,development,activity,price,heavily,disappointed,since,recovered,lately,faces,resistance,correct,downwards,buyers,struggling,break,tech,,,,,,,,,,
provides,among,several,blockchains,users,maintaining,high,scalability,speed,processing,transactions,also,known,multichain,network,supports,many,parachains,enabling,developers,build,blockchai,,,,,,
price,update,follow,recent,price,updates,ismrzw,,,,,,,,,,,,,,,,,,,,,
failed,mine,network,docs,tell,kids,fail,mine,omega,coins,uzhjvusazb,,,,,,,,,,,,,,,,,
ninaturner,living,wage,inflated,away,,,,,,,,,,,,,,,,,,,,,,,
stop,thinking,ordinals,money,fungible,associating,different,rarity,rdlib,dooz,,,,,,,,,,,,,,,,,,
fungibility,equal,difference,another,case,djdxbnlv,,,,,,,,,,,,,,,,,,,,,,
jackfsweeney,rule,mention,first,date,breathe,bxxtsegrg,,,,,,,,,,,,,,,,,,,,,
toni,salvage,trading,look,healthy,double,bottom,imploded,intrinsicly,vownw,,,,,,,,,,,,,,,,,,
petermccormack,save,,,,,,,,,,,,,,,,,,,,,,,,,,
donithedon,annoying,work,,,,,,,,,,,,,,,,,,,,,,,,,
price,price,price,efppjzkswg,,,,,,,,,,,,,,,,,,,,,,,,
resistance,support,cryptotrading,kxnmvb,,,,,,,,,,,,,,,,,,,,,,,,
borderless,transactions,sent,anywhere,world,instantly,fees,without,,,,,,,,,,,,,,,,,,,,
russia,largest,private,bank,launches,digital,asset,platform,news,qash,yzcatic,,,,,,,,,,,,,,,,,
went,salvador,pictures,amazing,trip,looking,forward,taking,world,ziydkj,,,,,,,,,,,,,,,,,,
free,market,pissed,free,market,action,larp,,,,,,,,,,,,,,,,,,,,,
mempool,fees,summary,seconds,mean,median,quant,xwmxehd,,,,,,,,,,,,,,,,,,,,
mempool,summary,last,seconds,mean,median,quant,sfniecmt,,,,,,,,,,,,,,,,,,,,
spotted,poland,,,,,,,,,,,,,,,,,,,,,,,,,,
bankman,fried,entity,owns,robinhood,stake,goes,bankrupt,visit,website,full,analysis,hsgglutxm,,,,,,,,,,,,,,,
goldenseries,opensea,aiia,aiartwork,artshare,aiartcommunity,nftproject,nftcollector,ether,gokv,,,,,,,,,,,,,,,,,,
transparency,transactions,recorded,public,ledger,called,blockchain,making,possib,jafr,,,,,,,,,,,,,,,,,,
possible,narratives,sbigpifc,,,,,,,,,,,,,,,,,,,,,,,,,
entering,short,zone,bearish,turtle,formation,blockchain,ssflqrqykg,,,,,,,,,,,,,,,,,,,,
price,update,follow,recent,price,updates,altcoin,,,,,,,,,,,,,,,,,,,,,
badger,digitalcrypto,stillgray,personally,felt,forced,mean,urmm,,,,,,,,,,,,,,,,,,,,
zrrkx,,,,,,,,,,,,,,,,,,,,,,,,,,,
shoe,rekt,comment,virus,viruses,cant,stopped,,,,,,,,,,,,,,,,,,,,,
american,business,intelligence,company,microstrategy,recorded,another,quarterly,loss,calculating,valu,,,,,,,,,,,,,,,,,
biggest,mistake,made,last,cycle,believing,narratives,clock,,,,,,,,,,,,,,,,,,,,
robholz,michaelm,yogi,stealyoredbull,probably,cause,hashtag,full,scam,udwzelk,,,,,,,,,,,,,,,,,,
binancecoin,price,update,altcoin,tkkh,,,,,,,,,,,,,,,,,,,,,,,
money,root,societal,level,problems,nearly,every,problem,hear,bxpbtubslz,,,,,,,,,,,,,,,,,,
flipped,,,,,,,,,,,,,,,,,,,,,,,,,,,
seen,bottom,bear,cycle,difficult,hold,least,,,,,,,,,,,,,,,,,,,,,
method,unusual,whales,cbdc,massive,threat,proxy,current,fiat,system,vcwq,,,,,,,,,,,,,,,,,
whole,situation,really,makes,want,succeed,,,,,,,,,,,,,,,,,,,,,,
nuttero,streaming,sats,cswright,joelkatz,likely,retrieves,keys,,,,,,,,,,,,,,,,,,,,
idea,also,working,range,rejected,bottom,fine,mhxfoct,,,,,,,,,,,,,,,,,,,,
coinbureau,whalechart,coming,years,britain,cbdc,,,,,,,,,,,,,,,,,,,,,,
price,jumps,last,minute,,,,,,,,,,,,,,,,,,,,,,,,
storj,storj,chart,showing,accuracy,signals,profit,month,aanpeivzdc,,,,,,,,,,,,,,,,,,,
security,transactions,secured,using,cryptography,making,difficult,falsify,reverse,prfrn,,,,,,,,,,,,,,,,,,
specter,specter,wallet,likely,easiest,multisig,srakubklow,,,,,,,,,,,,,,,,,,,,,
especially,relevant,community,elsalvador,days,wolves,sheep,clothing,mkiigr,,,,,,,,,,,,,,,,,,,
btcusdt,macd,cross,uwafrnlnyg,,,,,,,,,,,,,,,,,,,,,,,,
second,best,part,mtxamvsa,,,,,,,,,,,,,,,,,,,,,,,,
ericschmittnyt,surprise,resiliency,isis,world,telegram,cheap,pogvj,,,,,,,,,,,,,,,,,,,,
badcharts,danheld,goes,beyond,charting,,,,,,,,,,,,,,,,,,,,,,,
trade,nothing,except,,,,,,,,,,,,,,,,,,,,,,,,,
goldenseries,opensea,aiia,aiartwork,artshare,aiartcommunity,nftproject,nftcollector,izscmx,,,,,,,,,,,,,,,,,,,
neji,found,white,vault,location,join,playing,coinhuntworld,awesome,pqfoifhmuz,,,,,,,,,,,,,,,,,,
maxis,happens,side,hyperinflation,buys,bags,soon,pglbmgbmkd,,,,,,,,,,,,,,,,,,,,
people,changing,minds,left,right,comes,value,,,,,,,,,,,,,,,,,,,,,
dollar,intraday,downside,prevails,long,resistance,uqthjzfqp,,,,,,,,,,,,,,,,,,,,,
price,naks,naks,millionth,qyuj,,,,,,,,,,,,,,,,,,,,,,,
traditionally,best,quarters,february,march,likely,bulls,qsdtgcwew,,,,,,,,,,,,,,,,,,,,
zerohedge,ransom,ware,paid,lmao,,,,,,,,,,,,,,,,,,,,,,,
barusdt,signal,last,signal,mins,volume,chng,gzcatkfjyw,,,,,,,,,,,,,,,,,,,,
slice,wisdom,delivered,inbox,weekly,,,,,,,,,,,,,,,,,,,,,,,
bitbull,exchange,backed,advanced,digital,financial,infrastructure,world,securit,osbjxa,,,,,,,,,,,,,,,,,,
sovmindset,truly,appreciate,topics,bring,table,often,times,hear,nlbcmka,,,,,,,,,,,,,,,,,,
donation,platform,lets,send,directly,people,wallets,need,kind,yqga,qhzep,,,,,,,,,,,,,,,,,
price,update,follow,recent,price,updates,axwblxf,,,,,,,,,,,,,,,,,,,,,
idea,storing,images,files,blokchain,anti,censorship,nature,part,utjghwqlm,,,,,,,,,,,,,,,,,,
bitpaine,paxbi,opensea,hold,nfts,ipfs,holds,ekigoqo,,,,,,,,,,,,,,,,,,,,
thebitcoinconf,wrong,look,happening,likely,pyramid,scheme,reaches,xwgyo,,,,,,,,,,,,,,,,,,,
think,talks,sentiment,wanes,feasible,however,seems,strong,support,level,gtsvji,,,,,,,,,,,,,,,,,
hello,shorts,burned,unlikely,stay,level,long,sure,remind,people,igykjcqxvw,,,,,,,,,,,,,,,,,
operates,decentralized,network,meaning,controlled,single,enti,utinscbx,,,,,,,,,,,,,,,,,,,,
right,personalities,trying,drum,support,,,,,,,,,,,,,,,,,,,,,,,
vitamin,smashbaals,think,believe,first,also,think,able,xbuwbpjj,,,,,,,,,,,,,,,,,,,
account,hacked,help,datascience,datascientists,innovation,,,,,,,,,,,,,,,,,,,,,,
network,moved,position,topped,list,followed,twitter,accou,bsuhfcm,,,,,,,,,,,,,,,,,,,
bestask,exchange,wazirx,price,bestbid,jjbw,,,,,,,,,,,,,,,,,,,,,,
today,corz,daily,self,mined,last,reported,hour,period,corzq,mfqwbxqsya,,,,,,,,,,,,,,,,,
give,openly,need,free,free,giveaway,date,link,decl,,,,,,,,,,,,,,,,,,,
offers,several,advantages,traditional,fiat,currencies,,,,,,,,,,,,,,,,,,,,,,
igorlenterman,good,guys,,,,,,,,,,,,,,,,,,,,,,,,,
week,chancellor,brink,dalio,jack,frrsklb,youtube,,,,,,,,,,,,,,,,,,,,,
digital,currencys,unstopable,ripple,ether,money,ijjb,,,,,,,,,,,,,,,,,,,,,
latest,edition,tokyo,news,amazon,joins,mint,defense,update,nfts,file,hyntevao,,,,,,,,,,,,,,,,
green,pump,people,shaken,overleveraged,longs,hlvsrse,,,,,,,,,,,,,,,,,,,,,
binancecoin,price,update,altcoin,bcewasbsnm,,,,,,,,,,,,,,,,,,,,,,,
select,altcoins,resume,rally,despite,february,slump,,,,,,,,,,,,,,,,,,,,,
claiming,free,lightning,sats,bitcoiner,zesty,faucet,boltcoiner,unlock,ejsiva,,,,,,,,,,,,,,,,,,
help,social,media,snapchat,instagram,whatsapp,gmail,datascience,flpgdcmuq,,,,,,,,,,,,,,,,,,,
short,term,bottom,index,bear,market,zone,price,tmar,,,,,,,,,,,,,,,,,,,
petermallouk,fixes,,,,,,,,,,,,,,,,,,,,,,,,,,
stevedabitcoin,,,,,,,,,,,,,,,,,,,,,,,,,,,
looks,solid,yklw,,,,,,,,,,,,,,,,,,,,,,,,,
current,price,,,,,,,,,,,,,,,,,,,,,,,,,,
earnwithbm,,,,,,,,,,,,,,,,,,,,,,,,,,,
darkfi,chance,explode,usually,indicate,cryptos,bold,project,guag,gous,,,,,,,,,,,,,,,,,,
find,looking,kismet,coin,rqblcbj,token,aohl,,,,,,,,,,,,,,,,,,,,,
belisarius,cswright,joelkatz,fake,,,,,,,,,,,,,,,,,,,,,,,,
powerful,reversal,pattern,wait,made,clue,anyone,else,mhwtkyyvbs,,,,,,,,,,,,,,,,,,,
today,corz,daily,self,mined,last,reported,hour,period,corzq,,,,,,,,,,,,,,,,,,
davincigraph,utility,nfts,available,sale,jofesqkozk,habr,hbarnft,hbarbarians,kzftcp,,,,,,,,,,,,,,,,,,
academy,school,buenos,aires,argentina,kaidoh,,,,,,,,,,,,,,,,,,,,,,
qodafinance,defi,lending,borrowing,protocol,built,moonbeam,network,best,feature,hybrid,arvwyb,,,,,,,,,,,,,,,,
future,ready,dive,decentralized,world,bridging,multiple,blockchain,wehaf,xpsc,,,,,,,,,,,,,,,,,,
specialists,rank,bitgert,brise,forward,promising,coin,oorr,,,,,,,,,,,,,,,,,,,,
markets,ether,biggest,winner,among,cryptos,iqko,,,,,,,,,,,,,,,,,,,,,
beamswapio,polkadotfam,nice,,,,,,,,,,,,,,,,,,,,,,,,,
excited,project,according,project,good,good,potential,afdjziogcg,,,,,,,,,,,,,,,,,,,,
coin,mentions,past,hour,graph,ppjjb,,,,,,,,,,,,,,,,,,,,,,
juchkuduk,pavnkvmr,arya,amsha,king,aryans,never,approve,butter,chicken,kulcha,,,,,,,,,,,,,,,,,
beamswapio,thank,great,edition,,,,,,,,,,,,,,,,,,,,,,,,
qodafinance,defi,lending,borrowing,protocol,built,moonbeam,network,best,feature,hybrid,bwhsija,,,,,,,,,,,,,,,,
pink,clothing,made,rompers,design,,,,,,,,,,,,,,,,,,,,,,,
combined,long,liquidations,last,minute,bybit,binance,huobi,,,,,,,,,,,,,,,,,,,,
improve,cosmos,make,cosmosibc,generic,cosmos,hello,,,,,,,,,,,,,,,,,,,,,
quainetwork,cool,since,interesting,quai,,,,,,,,,,,,,,,,,,,,,,,
booklu,nearprotocol,think,near,good,,,,,,,,,,,,,,,,,,,,,,,
challenges,faced,moonbeam,competition,many,compatible,ffvri,,,,,,,,,,,,,,,,,,,,,
advantage,moonbeam,offer,moonbeam,makes,easy,dapp,developers,bring,dapps,polkad,npvdl,,,,,,,,,,,,,,,,
moonbeam,layer,compatible,blockchain,built,using,substr,njpprgq,,,,,,,,,,,,,,,,,,,,
qodafinance,defi,lending,borrowing,protocol,built,moonbeam,network,best,feature,hybrid,cwwbmkhhe,,,,,,,,,,,,,,,,
auction,hits,call,binance,signals,trading,puqda,,,,,,,,,,,,,,,,,,,,,
qodafinance,moonriver,moonbeam,kusama,qodex,excatly,bank,people,borr,uzhexuseju,,,,,,,,,,,,,,,,,,
yeah,miami,stellaswap,blockchain,quantummiami,quantummiami,cryptok,hhvbthl,,,,,,,,,,,,,,,,,,,,
hits,call,binance,signals,trading,zcalooefrh,,,,,,,,,,,,,,,,,,,,,,
stellaswap,gavofyork,explain,differences,pulsar,amku,mvkp,,,,,,,,,,,,,,,,,,,,,
qodafinance,glad,happy,part,beautiful,community,awesome,project,soon,mjhsxr,,,,,,,,,,,,,,,,,,
bullish,newer,blockchain,technologies,cardano,ergo,gxbs,,,,,,,,,,,,,,,,,,,,,
qodafinance,defi,lending,borrowing,protocol,built,moonbeam,network,best,feature,hybrid,yoixduziye,,,,,,,,,,,,,,,,
first,positions,leader,board,test,instance,legendary,avatars,unbelievable,xvdsjw,,,,,,,,,,,,,,,,,,
really,cool,strong,project,great,facilities,hope,project,achieve,success,kxkztsfaeg,,,,,,,,,,,,,,,,,
pavnkvmr,arya,amsha,hahahaha,punjabi,even,found,funny,,,,,,,,,,,,,,,,,,,,
zeitgeistpm,winning,parachain,paraid,ebldoc,,,,,,,,,,,,,,,,,,,,,,,
whole,dwtc,found,summer,junipyro,used,capsule,nyyo,,,,,,,,,,,,,,,,,,,,
cryptocito,cosmos,avalancheavax,good,video,interesting,audience,,,,,,,,,,,,,,,,,,,,,
qodafinance,excited,launch,moonriver,great,news,everyone,many,many,thanks,todzaide,,,,,,,,,,,,,,,,,
nickwh,line,drawn,cosmoshub,celestiaorg,gets,individual,interchain,security,line,,,,,,,,,,,,,,,,,,
subwalletapp,kusamanetwork,polkadotnews,polkadotters,,,,,,,,,,,,,,,,,,,,,,,,
qodex,worthy,interesting,project,helps,community,communicate,currency,unique,creat,xjlxe,,,,,,,,,,,,,,,,,
qodafinance,project,really,happy,part,team,project,strong,soon,moon,qoda,pfdgnkk,,,,,,,,,,,,,,,,
thekusamarian,nickdouz,ajunanetwork,many,thanks,thekusamarian,nickdouz,awesome,interview,well,qglwah,,,,,,,,,,,,,,,,,
qodafinance,platform,concept,great,future,experienced,team,always,working,behind,project,wqok,,,,,,,,,,,,,,,,
altcoindailyio,every,time,,,,,,,,,,,,,,,,,,,,,,,,,
state,live,link,free,quarterly,report,nickdgarcia,tweet,belo,ckfq,,,,,,,,,,,,,,,,,,
hawk,tips,multiple,websites,cross,research,efficiently,research,symbols,install,zcrzwm,,,,,,,,,,,,,,,,,
investors,discovery,waterdripfund,invests,innovation,projects,blockchain,field,proj,jvlpvh,,,,,,,,,,,,,,,,,,
apollo,apollo,associated,light,inspiration,,,,,,,,,,,,,,,,,,,,,,,
since,love,breakfast,champions,,,,,,,,,,,,,,,,,,,,,,,,
lovennft,ordered,shroom,chocolate,bars,trips,bars,night,hzxcgca,,,,,,,,,,,,,,,,,,,
qodafinance,defi,orderbook,exchange,hybrid,unsecured,secured,fixed,interest,rate,loans,built,,,,,,,,,,,,,,,,
qodafinance,amazing,project,love,amazing,concept,extremely,well,developed,professional,team,,,,,,,,,,,,,,,,,
vidt,hits,call,binance,signals,exgomn,,,,,,,,,,,,,,,,,,,,,,
qodafinance,project,looks,amazing,always,happy,watching,project,grow,success,alway,xvbu,,,,,,,,,,,,,,,,
read,soon,chain,coin,world,overtaking,pscfv,,,,,,,,,,,,,,,,,,,,,
outlook,solid,opportunity,short,lose,range,high,nice,confluence,mzsvdd,,,,,,,,,,,,,,,,,,
qodafinance,trusted,defi,project,project,goal,intersting,found,defi,project,deferent,scnbrvq,,,,,,,,,,,,,,,,
attention,enthusiasts,trending,altcoins,moment,binance,coin,kraukexl,,,,,,,,,,,,,,,,,,,,
looks,equivalent,building,good,come,prepa,uyisrzjo,,,,,,,,,,,,,,,,,,,,,
daily,flip,reject,,,,,,,,,,,,,,,,,,,,,,,,,
qodafinance,launched,moonriver,network,great,news,usdc,token,available,transactio,,,,,,,,,,,,,,,,,,
solana,guns,barrier,bulls,buisbxf,altcoinseason,nfts,txbdsfar,,,,,,,,,,,,,,,,,,,,
krizzblo,team,members,theunitnetwork,mjlaya,,,,,,,,,,,,,,,,,,,,,,,
qodafinance,project,concept,unique,good,flow,project,define,makes,project,nice,ihyf,oijok,,,,,,,,,,,,,,,
qoda,finance,live,moonriver,network,protocol,launched,market,usdc,announc,tkqhonu,,,,,,,,,,,,,,,,,
qodafinance,exciting,news,qodafinance,launched,moonriver,network,connecting,moonbeam,zbthfx,,,,,,,,,,,,,,,,,,
exciting,news,qodafinance,launched,moonriver,network,connecting,moonbeam,wdrasbn,,,,,,,,,,,,,,,,,,,
beamswapio,glmrapes,finance,legit,want,another,albt,,,,,,,,,,,,,,,,,,,,,
opinionated,canto,model,leave,governance,token,grift,behind,onchain,infra,zguw,,,,,,,,,,,,,,,,,
beamswapio,glmrapes,glmrjungle,great,partnership,lets,grow,moonbeam,step,step,,,,,,,,,,,,,,,,,,
hits,call,binance,signals,trading,avvkswbq,,,,,,,,,,,,,,,,,,,,,,
skills,land,tech,industry,ibcmedia,join,discord,platform,nwyop,,,,,,,,,,,,,,,,,,,
february,qodafinance,launched,moonriver,network,orderbook,style,marketplace,exchange,loans,shsl,,,,,,,,,,,,,,,,,
learn,online,advance,career,courses,programming,coding,ibcmedia,join,ukyaa,elko,,,,,,,,,,,,,,,,,
nouvel,event,dotsocial,paris,march,network,fellow,developers,enth,hfjesmvf,,,,,,,,,,,,,,,,,,
hits,call,binance,signals,trading,qplurelw,,,,,,,,,,,,,,,,,,,,,,
great,project,future,sure,project,compete,projects,keep,supporti,pvvire,,,,,,,,,,,,,,,,,,
trend,commits,active,devs,iughdj,,,,,,,,,,,,,,,,,,,,,,,
qodafinance,defi,lending,borrowing,protocol,built,moonbeam,network,best,feature,hybrid,ptpv,,,,,,,,,,,,,,,,
qodafinance,launching,soon,moonriver,great,strong,project,trust,miss,oqvudv,,,,,,,,,,,,,,,,,,
member,cross,chain,ecosystem,phala,provides,high,quality,services,enables,possibilities,,,,,,,,,,,,,,,,,
infrastructure,scaling,solutions,keys,mass,adoption,keep,cosmos,solana,,,,,,,,,,,,,,,,,,,
benchmark,sample,validators,commission,collected,rewards,last,eras,selecti,gkpc,wysvq,,,,,,,,,,,,,,,,,
maximize,returns,save,time,expected,annual,return,benchmark,,,,,,,,,,,,,,,,,,,,
daftaryneel,also,polk,helping,solve,governance,issues,enabling,ecosystem,govern,,,,,,,,,,,,,,,,,,
someone,please,share,post,source,nakamoto,coefficient,listed,sueynh,,,,,,,,,,,,,,,,,,,
bearish,cross,confirmed,chart,crossing,information,toxgvsrskc,,,,,,,,,,,,,,,,,,,,,
upon,expiry,contract,december,usdcdec,tokens,redeemable,underlyin,orvdj,,,,,,,,,,,,,,,,,,,
daily,market,review,binance,cardano,matic,ozmhdoli,,,,,,,,,,,,,,,,,,,,,
qodafinance,defi,lending,borrowing,protocol,built,moonbeam,network,best,feature,hybridover,ohqv,,,,,,,,,,,,,,,,
qodafinance,exciting,news,defi,community,qodafinance,officially,launched,moonriver,network,jicoxb,,,,,,,,,,,,,,,,,
qodafinance,officially,launched,moonriver,network,bringing,innovative,solutions,table,sohgfqvpmz,,,,,,,,,,,,,,,,,,
moonriver,moonbeam,kusama,qodex,qodafinance,qoda,protocol,defi,lending,borrowing,protocol,lojm,uwcwr,,,,,,,,,,,,,,,
february,qodafinance,launched,moonriver,network,orderbook,style,marketplace,exchange,loans,deoy,,,,,,,,,,,,,,,,,
wadecance,mrjacklevin,ackebom,jarosciak,rjmark,verasity,xenczar,xenheadsnfts,realflokiinu,eokogfh,,,,,,,,,,,,,,,,,,
ctxc,hits,call,binance,signals,trading,qxpj,tobpy,,,,,,,,,,,,,,,,,,,,
moonriver,moonbeam,kusama,qodex,qodafinance,project,wonderfull,project,team,programe,ojdle,utwh,,,,,,,,,,,,,,,,
qodafinance,hashtags,moonriver,moonbeam,kusama,qodex,meeraj,kriyan,viti,,,,,,,,,,,,,,,,,,,
jasmy,hits,call,binance,signals,trading,tzlqw,caln,,,,,,,,,,,,,,,,,,,,
much,money,would,today,invested,years,ifthlqho,,,,,,,,,,,,,,,,,,,,,
exchange,good,joint,first,time,openion,think,best,qodafinance,krmi,pryrd,,,,,,,,,,,,,,,,,
putting,game,logic,chain,nfts,ajuna,game,chain,space,monkeys,reddit,yvidbplmr,,,,,,,,,,,,,,,,
still,issue,withdrawing,funds,wallets,send,message,fastbitra,,,,,,,,,,,,,,,,,,,,
still,issue,withdrawing,funds,wallets,send,message,fastbitra,whvcg,ioam,,,,,,,,,,,,,,,,,,
felt,twinge,chest,disturbing,jolt,realized,panic,wake,onmx,,,,,,,,,,,,,,,,,,,
macrolife,watrsabve,believe,ploy,people,eeieegroz,,,,,,,,,,,,,,,,,,,,,,
used,smart,contracts,biggest,whales,today,luna,wormholecrypto,ptvxrucu,,,,,,,,,,,,,,,,,,,
kalahkay,smell,,,,,,,,,,,,,,,,,,,,,,,,,,
munnybagshawty,charlotte,come,,,,,,,,,,,,,,,,,,,,,,,,,
unclelukereal,unclelukereal,black,american,brought,game,,,,,,,,,,,,,,,,,,,,,,
stats,coin,hjyn,mpzm,,,,,,,,,,,,,,,,,,,,,,,,
biggest,losers,trueusd,tusd,coin,usdc,nexo,nexo,usdt,,,,,,,,,,,,,,,,,,,
tell,must,live,slippery,mind,want,know,,,,,,,,,,,,,,,,,,,,,
usdt,price,change,market,ranking,usdt,,,,,,,,,,,,,,,,,,,,,,
paoloardoino,thank,,,,,,,,,,,,,,,,,,,,,,,,,,
bovada,casino,getbullish,,,,,,,,,,,,,,,,,,,,,,,,,
unclelukereal,look,another,disingenuous,space,hosted,lying,black,americans,,,,,,,,,,,,,,,,,,,
still,lying,black,americans,tethers,gonna,xopklf,,,,,,,,,,,,,,,,,,,,,
usdt,price,comparison,wazirx,usdt,forex,difference,ztxk,,,,,,,,,,,,,,,,,,,,
hello,,,,,,,,,,,,,,,,,,,,,,,,,,,
reminder,market,token,blockchain,usdt,vyvrex,,,,,,,,,,,,,,,,,,,,,,
active,pets,harness,seatbelts,cars,trucks,travel,belt,small,large,dogs,mqtrpv,idml,hmtfm,,,,,,,,,,,,,,
ipaspalski,gavofyork,yeah,sure,pulsar,gives,option,choose,ovwf,,,,,,,,,,,,,,,,,,,
price,price,price,zmge,,,,,,,,,,,,,,,,,,,,,,,,
nfer,gavofyork,juiced,,,,,,,,,,,,,,,,,,,,,,,,,
jack,harlow,hell,vqbip,,,,,,,,,,,,,,,,,,,,,,,,
johnlew,betfred,trying,blocked,think,odds,wrong,,,,,,,,,,,,,,,,,,,,,
crystal,ball,exposing,biggest,secret,mseabe,,,,,,,,,,,,,,,,,,,,,,
donaldjtrumpjr,pelosi,house,,,,,,,,,,,,,,,,,,,,,,,,,
blanchflower,mrjamesob,never,revolution,overthrow,elite,many,nations,aeff,escd,,,,,,,,,,,,,,,,,,
prices,solana,binance,coin,cardano,coin,ripple,inmjoyz,,,,,,,,,,,,,,,,,,,,
hobbyshoptech,ball,king,grade,,,,,,,,,,,,,,,,,,,,,,,,
price,price,price,cujftql,,,,,,,,,,,,,,,,,,,,,,,,
crimlawuk,government,stoop,scumminess,corruption,knows,bounds,,,,,,,,,,,,,,,,,,,,,
mrjohnnicolson,please,could,someone,straight,give,johnson,loan,oqiuly,,,,,,,,,,,,,,,,,,,
burner,please,shut,laayz,akkkotzs,making,lousy,fleeing,africans,look,,,,,,,,,,,,,,,,,,
goldpearl,jkmccrann,berlin,bridge,sure,anything,current,relevancy,fqjcwo,,,,,,,,,,,,,,,,,,,
forecast,usdt,rank,price,fallen,price,volatility,fvunokeh,,,,,,,,,,,,,,,,,,,,
jimmycoops,exactly,bastard,government,wants,,,,,,,,,,,,,,,,,,,,,,,
brothahassan,haitian,revolution,apart,black,history,month,stop,vtpkyeng,,,,,,,,,,,,,,,,,,,
cleeeees,read,fight,please,stand,depending,bait,partner,oxpk,,,,,,,,,,,,,,,,,,,
woofkoof,krassenstein,marcorubio,real,leader,would,captured,study,ballonists,could,pqntr,,,,,,,,,,,,,,,,,
still,issue,withdrawing,funds,wallets,send,message,fastbitra,usuxnr,,,,,,,,,,,,,,,,,,,
still,issue,withdrawing,funds,wallets,send,message,fastbitra,puyi,,,,,,,,,,,,,,,,,,,
ghaukne,wifeyalpha,fair,counterpoint,think,happen,hurt,short,term,tomwwyvdzx,,,,,,,,,,,,,,,,,,
wifeyalpha,respectfully,people,calling,unwind,years,maybe,flkzwuljap,,,,,,,,,,,,,,,,,,,,
stats,coin,todmgxi,,,,,,,,,,,,,,,,,,,,,,,,,
bullish,jasmy,moon,jasmy,community,bullish,binance,mexc,coinbase,kucoin,,,,,,,,,,,,,,,,,,
roliy,depends,authorities,around,shutting,fraud,lack,backing,euipjceo,,,,,,,,,,,,,,,,,,,
ghaukne,wifeyalpha,binance,traditional,banks,trouble,ogyww,,,,,,,,,,,,,,,,,,,,,
usdt,price,change,market,ranking,usdt,,,,,,,,,,,,,,,,,,,,,,
planettyrus,potus,used,balloon,could,find,enough,string,kite,china,,,,,,,,,,,,,,,,,,
ever,weird,rhythm,stranger,going,grocery,store,together,every,single,sucjqfsvua,,,,,,,,,,,,,,,,,
blockvvenus,rtadragon,reeve,collins,blockv,smartmedia,tech,zhsxzl,,,,,,,,,,,,,,,,,,,,
benshapiro,claimed,would,aggression,made,actually,hoped,onqjwwwbrj,,,,,,,,,,,,,,,,,,,,
fractional,reserve,banking,real,think,keeping,alive,mstr,,,,,,,,,,,,,,,,,,,,
lord,enki,ryan,thebabylonbee,lightning,network,really,care,vztnasw,,,,,,,,,,,,,,,,,,,
skin,letting,fester,,,,,,,,,,,,,,,,,,,,,,,,,
troylindsey,ryan,thebabylonbee,without,mass,transactions,different,companies,able,create,wgac,,,,,,,,,,,,,,,,,
boresniac,world,currency,,,,,,,,,,,,,,,,,,,,,,,,,
percentbtc,implodes,everyone,knows,price,inflated,literally,everyone,,,,,,,,,,,,,,,,,,,,
kick,feet,move,forever,sail,lift,,,,,,,,,,,,,,,,,,,,,,
price,price,price,mrmmy,,,,,,,,,,,,,,,,,,,,,,,,
bovada,casino,,,,,,,,,,,,,,,,,,,,,,,,,,
somewhere,start,woahh,congrats,,,,,,,,,,,,,,,,,,,,,,,,
still,issue,withdrawing,funds,wallets,send,message,fastbitra,,,,,,,,,,,,,,,,,,,,
still,issue,withdrawing,funds,wallets,send,message,fastbitra,lvjudwtgqt,,,,,,,,,,,,,,,,,,,
lifeoffitz,howdy,know,send,direct,tweet,tweet,opinion,,,,,,,,,,,,,,,,,,,,
bassettsfilm,manal,love,unbeeakable,zombies,froever,rmovj,svwx,,,,,,,,,,,,,,,,,,,,
price,price,price,efppjzkswg,,,,,,,,,,,,,,,,,,,,,,,,
thevoice,another,fled,know,mind,business,homeland,,,,,,,,,,,,,,,,,,,,,
metrics,signal,market,resistance,hold,despite,handful,coins,gwqfdjhybt,,,,,,,,,,,,,,,,,,,
know,trade,,,,,,,,,,,,,,,,,,,,,,,,,,
exchanges,owned,people,shell,companies,fewer,fifteen,people,contr,nlojjhti,,,,,,,,,,,,,,,,,,
nawt,park,thinking,single,inferno,calm,downsbsiahaja,,,,,,,,,,,,,,,,,,,,,
dart,head,head,radiates,pulsing,bladder,stone,pain,feet,activating,gnzvmr,,,,,,,,,,,,,,,,,
next,level,hypocrisy,dishonesty,adam,back,defends,saying,follow,money,urlh,qhtqf,,,,,,,,,,,,,,,,
think,mural,story,precisely,caused,people,trawling,facebook,likes,tcscskgnj,,,,,,,,,,,,,,,,,,
official,printed,billions,tethers,exchange,shitcoins,behalf,ponzi,scheme,ftkc,,,,,,,,,,,,,,,,,,
reality,check,overwhelming,majority,trading,wash,trading,fraudulent,exchanges,xbursyxsed,,,,,,,,,,,,,,,,,,
ponzi,print,fake,digital,dollars,pump,social,media,fake,digital,gold,xrtaazdf,,,,,,,,,,,,,,,,
merjazz,nasescobar,long,rider,support,reparations,good,xpsi,hnkk,,,,,,,,,,,,,,,,,,,
okay,,,,,,,,,,,,,,,,,,,,,,,,,,,
reportedly,spun,wildly,pumping,price,globes,interview,celsius,founder,lgbpxkqa,,,,,,,,,,,,,,,,,,
credit,limits,exposure,would,eventually,reportedl,afmdp,osbr,,,,,,,,,,,,,,,,,,,,
usdt,price,change,market,ranking,usdt,,,,,,,,,,,,,,,,,,,,,,
cryptogeek,printing,usdt,nothing,increasing,risk,black,swan,,,,,,,,,,,,,,,,,,,,
news,today,decision,hindi,urdu,rofnufeu,,,,,,,,,,,,,,,,,,,,,,
credit,devil,,,,,,,,,,,,,,,,,,,,,,,,,,
still,issue,withdrawing,funds,wallets,send,message,fastbitra,jiwnttpuit,,,,,,,,,,,,,,,,,,,
starting,tomorrow,returning,streaming,taking,week,helped,want,back,chaos,,,,,,,,,,,,,,,,,,
brawday,driven,brazen,cheating,lover,condoni,zpss,dxhah,,,,,,,,,,,,,,,,,,,,
kacharle,donithedon,deflecting,angry,classic,,,,,,,,,,,,,,,,,,,,,,,
ronansetron,nurse,probably,reported,trouble,obviously,mxqioeb,,,,,,,,,,,,,,,,,,,,,
customwetware,kareem,carr,models,dedicated,math,sure,speed,past,even,cixp,,,,,,,,,,,,,,,,,
come,blocked,hanateratera,,,,,,,,,,,,,,,,,,,,,,,,,
next,bull,aldi,accepts,,,,,,,,,,,,,,,,,,,,,,,,
price,price,price,asbrobr,,,,,,,,,,,,,,,,,,,,,,,,
still,issue,withdrawing,funds,wallets,send,message,fastbitra,tlnxi,,,,,,,,,,,,,,,,,,,
work,curated,post,publish,read,write,articles,kcpek,,,,,,,,,,,,,,,,,,,,
still,issue,withdrawing,funds,wallets,send,message,fastbitra,hmbyhavsac,,,,,,,,,,,,,,,,,,,
vincentcrypt,internet,outage,would,blessing,know,phone,live,florida,vffuztb,,,,,,,,,,,,,,,,,,
stellaswap,gavofyork,explain,differences,pulsar,amku,mvkp,,,,,,,,,,,,,,,,,,,,,
current,price,tothemoon,,,,,,,,,,,,,,,,,,,,,,,,,
nftkingforever,pomeranian,make,biggest,come,back,history,mark,words,ofeowhu,,,,,,,,,,,,,,,,,,
michaeldoge,spadersnfts,lionelclone,stacyloveskatz,tesladarth,ccuntamed,misswyoming,draganamusk,urhp,jedqi,,,,,,,,,,,,,,,,,,
mintsolananft,pomeranian,make,biggest,come,back,history,mark,words,tubvvhrlc,,,,,,,,,,,,,,,,,,
prediction,result,deal,close,entry,entry,price,qyuaf,,,,,,,,,,,,,,,,,,,,
shiba,price,rebounds,record,lows,upside,ahead,erin,,,,,,,,,,,,,,,,,,,,
shibinfo,shiba,price,rebounds,record,lows,upside,ahead,erin,,,,,,,,,,,,,,,,,,,
rally,works,shib,eyes,highly,anticipated,shibarium,shibariumgems,plus,shib,wxdxfpf,,,,,,,,,,,,,,,,,
nikoone,fixes,aanb,,,,,,,,,,,,,,,,,,,,,,,,,
popular,trader,predicted,could,move,near,future,caused,invest,swqsdnc,,,,,,,,,,,,,,,,,,
ready,maximize,portfolio,stay,ahead,curve,must,investments,mdkwno,,,,,,,,,,,,,,,,,,,
current,price,tothemoon,,,,,,,,,,,,,,,,,,,,,,,,,
breaking,news,oamg,binance,altcoins,sand,luna,coinbase,wohd,,,,,,,,,,,,,,,,,,,
popular,trader,predicted,could,move,near,future,caused,invest,,,,,,,,,,,,,,,,,,,
breaking,news,ogfm,binance,altcoins,sand,luna,coinbase,nqzzict,,,,,,,,,,,,,,,,,,,
check,latest,live,price,click,glxnso,,,,,,,,,,,,,,,,,,,,,,
dogebunker,tweeter,wfcioagank,,,,,,,,,,,,,,,,,,,,,,,,,
generated,superhero,wlknc,,,,,,,,,,,,,,,,,,,,,,,,,
drrug,still,bullish,elon,,,,,,,,,,,,,,,,,,,,,,,,
keep,building,king,safemoon,safemoon,safemoonarmy,bscgem,bscgemsalert,binance,gsqtg,mdwh,,,,,,,,,,,,,,,,,
current,price,tothemoon,,,,,,,,,,,,,,,,,,,,,,,,,
indicator,also,valid,cryptos,cardano,even,forextrading,,,,,,,,,,,,,,,,,,,,,
babydogecoin,coingecko,baby,moon,,,,,,,,,,,,,,,,,,,,,,,,
failed,,,,,,,,,,,,,,,,,,,,,,,,,,,
hail,shardeum,shaun,shaun,nischalshetty,thinks,shardeumdoge,interesting,recipe,lifting,temb,lbek,,,,,,,,,,,,,,,,
believe,dogefam,vgbkaf,,,,,,,,,,,,,,,,,,,,,,,,,
last,update,babydoge,babydogecoin,dogearmy,dogeswap,,,,,,,,,,,,,,,,,,,,,,
whole,world,decide,help,situation,turkey,overcome,peopl,amrdzwiue,,,,,,,,,,,,,,,,,,,
elonmusk,breaking,investor,believes,elon,musk,second,coming,christ,,,,,,,,,,,,,,,,,,,
price,,,,,,,,,,,,,,,,,,,,,,,,,,,
dormant,wallet,wakes,dead,price,surge,incoming,eywyppockj,,,,,,,,,,,,,,,,,,,,
price,price,price,nzwbz,,,,,,,,,,,,,,,,,,,,,,,,
ripple,,,,,,,,,,,,,,,,,,,,,,,,,,,
elonmusk,popular,coins,world,,,,,,,,,,,,,,,,,,,,,,,,
current,price,tothemoon,,,,,,,,,,,,,,,,,,,,,,,,,
bnbbombs,cointigerex,dogrmytoken,checked,thse,rewards,atuhbyt,,,,,,,,,,,,,,,,,,,,,
price,prediction,price,rise,apiece,binance,target,price,njssvv,,,,,,,,,,,,,,,,,,,
tried,,,,,,,,,,,,,,,,,,,,,,,,,,,
current,price,tothemoon,,,,,,,,,,,,,,,,,,,,,,,,,
invested,tesla,nvidia,apple,microsoft,amazon,years,worth,hczy,ncayk,,,,,,,,,,,,,,,,,,
twitter,payments,npci,payment,india,billym,elonmusk,tesla,elonmusk,,,,,,,,,,,,,,,,,,,
elonmusk,please,something,,,,,,,,,,,,,,,,,,,,,,,,,
ibrahim,shmorten,ratioscrazy,hows,,,,,,,,,,,,,,,,,,,,,,,,
article,shiba,elon,musk,favorite,meme,coin,knockoff,rallies,days,,,,,,,,,,,,,,,,,,
prediction,result,deal,close,entry,entry,price,fvmkphqzwz,,,,,,,,,,,,,,,,,,,,
twitter,payments,npci,payment,india,billym,elonmusk,tesla,,,,,,,,,,,,,,,,,,,,
elonmusk,deepfake,elon,made,joke,skit,hustle,scam,ceazbiagee,,,,,,,,,,,,,,,,,,,
current,price,tothemoon,,,,,,,,,,,,,,,,,,,,,,,,,
averywalker,tesla,elonmusk,tesla,teslapodcast,dillonloomis,sawyermerritt,zixqmjaf,,,,,,,,,,,,,,,,,,,,
blockworks,hope,test,preference,public,option,important,,,,,,,,,,,,,,,,,,,,,
trade,,,,,,,,,,,,,,,,,,,,,,,,,,,
ethereumfair,group,help,explain,clearly,happen,ethf,fork,fork,successful,,,,,,,,,,,,,,,,,,
esatoshiclub,realflokiinu,samoyedcoin,dogelonmars,back,succeed,,,,,,,,,,,,,,,,,,,,,,
babydogecoin,thanks,bitmart,giveaway,preciou,jnrgwhills,nomor,kator,,,,,,,,,,,,,,,,,,,,
hurry,award,waiting,click,hbjaa,,,,,,,,,,,,,,,,,,,,,,,
current,price,tothemoon,,,,,,,,,,,,,,,,,,,,,,,,,
theunderdoge,next,time,monday,,,,,,,,,,,,,,,,,,,,,,,,
deeply,appreciative,jury,unanimous,finding,innocence,tesla,private,case,ulocxxh,,,,,,,,,,,,,,,,,,
creator,says,annoyed,elon,musk,tried,send,moon,binancettc,techtreescoin,,,,,,,,,,,,,,,,,,
shiba,price,rebounds,record,lows,upside,ahead,shib,price,technicals,hint,saysau,,,,,,,,,,,,,,,,
ruble,minute,withdrawal,instant,register,afrilf,tron,klnzwzjgrs,,,,,,,,,,,,,,,,,,,,
business,long,supply,liquidity,liquidity,enhances,utility,value,learn,economics,better,,,,,,,,,,,,,,,,,
babydoge,cryptos,world,beginning,babydogearmy,gkoaaa,,,,,,,,,,,,,,,,,,,,,,
good,morning,community,forget,good,everyday,especially,today,tdwrfojvyg,,,,,,,,,,,,,,,,,,,
huge,giveaway,give,worth,random,follower,every,rules,nszlsxh,,,,,,,,,,,,,,,,,,,
current,price,tothemoon,,,,,,,,,,,,,,,,,,,,,,,,,
sagittarius,sagittarius,adventure,started,joke,become,popular,adventurous,,,,,,,,,,,,,,,,,,,,
article,dormant,wallet,wakes,dead,price,surge,incoming,zpyywwlshq,omfi,,,,,,,,,,,,,,,,,,
obstacle,cannot,overcome,strength,comes,people,want,live,,,,,,,,,,,,,,,,,,,,
breaking,news,fsfnb,fvaa,binance,altcoins,sand,luna,coinbase,,,,,,,,,,,,,,,,,,,
margexcom,rose,,,,,,,,,,,,,,,,,,,,,,,,,,
dormant,wallet,wakes,dead,price,surge,incoming,pnficsoup,,,,,,,,,,,,,,,,,,,,
current,price,,,,,,,,,,,,,,,,,,,,,,,,,,
stats,coin,xzwzfm,,,,,,,,,,,,,,,,,,,,,,,,,
shib,looks,continue,road,recovery,rtxkpcmcsc,shiba,shibainu,shibarmy,cryptotrading,,,,,,,,,,,,,,,,,,
dormant,wallet,wakes,dead,price,surge,incoming,wulkwbelya,,,,,,,,,,,,,,,,,,,,
current,price,tothemoon,,,,,,,,,,,,,,,,,,,,,,,,,
price,change,market,ranking,,,,,,,,,,,,,,,,,,,,,,,,
superhero,wzbkwmdl,,,,,,,,,,,,,,,,,,,,,,,,,,
genius,engine,world,billym,dogefam,fqbmvyy,,,,,,,,,,,,,,,,,,,,,,
meme,coins,might,keep,captivated,roboape,monero,enigma,sellorders,,,,,,,,,,,,,,,,,,,
saving,gpxd,cvnfb,,,,,,,,,,,,,,,,,,,,,,,,,
movbmhkcfy,,,,,,,,,,,,,,,,,,,,,,,,,,,
dbbowcvnub,,,,,,,,,,,,,,,,,,,,,,,,,,,
bloomberg,knows,rolcm,ugnqetxx,,,,,,,,,,,,,,,,,,,,,,,,
elonmusk,explode,soon,elonmusk,,,,,,,,,,,,,,,,,,,,,,,,
archive,require,type,government,even,education,destroy,exchanged,,,,,,,,,,,,,,,,,,,,
immr,mydogeofficial,ownthedoge,djdoge,mrnixn,whitneywalker,missydogelover,kawator,ysmac,ykkx,,,,,,,,,,,,,,,,,,
shiba,shib,rallies,shibaswap,bone,gets,listed,exchange,bitget,rival,cxmwqlmozw,,,,,,,,,,,,,,,,,
current,price,tothemoon,,,,,,,,,,,,,,,,,,,,,,,,,
earth,coin,basic,level,nfts,nftgiveaway,nftartist,nftcollector,nftcommmunity,ixzy,,,,,,,,,,,,,,,,,,
,,,,,,,,,,,,,,,,,,,,,,,,,,,
internet,currency,,,,,,,,,,,,,,,,,,,,,,,,,,
earth,coin,basic,level,nfts,nftgiveaway,nftartist,nftcollector,nftcommmunity,vpqrhdey,,,,,,,,,,,,,,,,,,
horse,racing,odds,shortening,vxbcwl,trainers,intentions,selections,tajgmrgo,ccshor,,,,,,,,,,,,,,,,,,
price,predictions,daily,performance,read,prediction,ybpstmvs,wuwylrpmky,,,,,,,,,,,,,,,,,,,,
posts,modest,losses,response,news,jupiter,overtakes,saturn,planet,known,moons,,,,,,,,,,,,,,,,,
miss,miss,shibainu,miss,miss,babydoge,babydogecoin,next,babydogearmy,gvscpqrt,,,,,,,,,,,,,,,,,,
waiting,levels,tested,start,looking,positions,hhzk,jvgot,,,,,,,,,,,,,,,,,,,,
current,price,,,,,,,,,,,,,,,,,,,,,,,,,,
current,price,tothemoon,,,,,,,,,,,,,,,,,,,,,,,,,
dogeusdt,long,limit,dxyu,zwwdc,,,,,,,,,,,,,,,,,,,,,,,
bdzhrktv,elon,musk,favorite,altcoins,price,next,rally,mask,,,,,,,,,,,,,,,,,,,
invested,tesla,nvidia,apple,microsoft,amazon,years,worth,puudquklhg,,,,,,,,,,,,,,,,,,,
