god,hysterical,nothing,funny,laugh,nothing,hysterical,,,,,,,,,
tomorrow,day,woman,tech,department,got,prove,,,,,,,,,
caroline,correct,,,,,,,,,,,,,,
woman,dad,science,tech,special,school,become,family,friend,today,real,,,,,
see,watching,cool,popular,watch,horror,super,low,,,,,,,,
invest,shark,eating,woman,tech,technology,,,,,,,,,,
strong,majority,support,roe,wade,need,elect,democrat,make,,,,,,,
liberty,torch,shone,ensure,basic,human,dignity,making,personal,,,,,,,
strong,majority,support,need,elect,democrat,make,,,,,,,,,
strong,majority,support,roe,wade,need,elect,democrat,make,,,,,,,
strong,majority,roe,wade,need,elect,democrat,make,,,,,,,,
strong,majority,roe,wade,need,elect,democrat,make,,,,,,,,
every,woman,able,make,health,doctor,actively,,,,,,,,,
helping,young,woman,find,first,dev,job,something,modern,anyone,looking,,,,,
first,movie,tech,wizard,super,enhanced,lightning,god,unstoppable,rage,,,,,,
tech,news,meet,art,woman,demon,nothing,,,,,,,,,
fact,woman,tech,get,one,cherry,top,thank,,,,,,,,
absolutely,correct,glass,breaking,stereotypical,look,,,,,,,,,,
woman,jimmy,whether,story,,,,,,,,,,,,
woman,taskmaster,without,personality,,,,,,,,,,,,
think,pregnant,people,less,woman,tech,company,like,,,,,,,,
may,god,help,chai,tech,see,dey,admire,person,woman,,,,,,
killer,michigan,woman,missing,genealogy,technology,say,via,,,,,,,,
following,win,organic,follow,black,woman,tech,,,,,,,,,
tech,thanks,correct,people,pro,choice,thing,ago,,,,,,,,
battery,explosion,allegedly,woman,incident,,,,,,,,,,,
idealist,joe,tech,millionaire,donor,,,,,,,,,,,
love,mission,west,really,believe,person,,,,,,,,,,
remember,cab,ride,friend,visiting,professor,cal,tech,woman,,,,,,,
collaboration,employee,resource,group,join,bring,together,,,,,,,,,
first,time,recall,seeing,commercial,black,woman,thank,,,,,,,,
era,apoplectic,aggrieved,,,,,,,,,,,,,
please,need,advice,business,craft,tech,field,woman,learn,start,earning,good,money,year,two,
every,woman,north,vet,tech,,,,,,,,,,,
explosion,allegedly,woman,investigating,incident,tech,,,,,,,,,,
woman,jimmy,claim,socialist,,,,,,,,,,,,
new,news,article,posted,via,voice,infrastructure,tech,laura,grant,,,,,,
tech,support,woman,summon,combat,,,,,,,,,,,
woman,tech,wear,skeleton,carve,pumpkin,,,,,,,,,,
white,technology,industry,rarely,see,tech,married,black,woman,,,,,,,
people,wonder,get,passionate,tech,day,,,,,,,,,,
rethink,phone,kindly,improve,quality,,,,,,,,,,,
preferred,entrepreneurial,man,identical,pitch,woman,rate,,,,,,,,,
correct,create,funded,creation,lot,like,change,,,,,,,,,
met,woman,radiology,tech,got,shingles,eye,affected,vision,said,worst,,,,,
web,ladies,woman,tech,,,,,,,,,,,,
continue,deceiving,meanwhile,history,removed,,,,,,,,,,,
general,rule,like,whether,tech,health,care,politics,democracy,,,,,,,
woman,went,anti,rant,angry,social,media,sought,justice,directed,,,,,,
type,woman,ask,money,type,ask,teach,make,mon,,,,,,,
bring,equipment,hope,alright,,,,,,,,,,,,
sister,please,build,commerce,pay,exact,amount,charge,,,,,,,,
woman,tech,,,,,,,,,,,,,,
amazing,two,another,origin,first,advertising,,,,,,,,,,
remember,quick,switch,one,finding,asbestos,origin,,,,,,,,,
tech,blood,money,man,social,hierarchy,change,minute,men,choose,,,,,,
woman,tech,strong,black,woman,,,,,,,,,,,
said,woman,tech,,,,,,,,,,,,,
another,male,born,autistic,person,tech,field,woman,could,seen,coming,,,,,
killer,michigan,woman,missing,genealogy,technology,say,,,,,,,,,
contain,jealousy,got,lover,today,another,niche,unlocked,guess,,,,,,,
hope,dead,friend,absorbed,alien,tech,like,woman,superman,,,,,,,
tech,security,guard,fight,woman,dress,code,read,,,,,,,,
leave,tech,industry,woman,got,fired,live,mint,,,,,,,,
disability,spotlight,listen,user,experience,web,designer,social,,,,,,,,
thanks,,,,,,,,,,,,,,,
woman,page,like,dead,woman,,,,,,,,,,,
make,show,woman,son,marrying,genius,tech,billionaire,,,,,,,,
security,guard,technical,high,school,reportedly,left,shoulder,,,,,,,,
autistic,woman,working,tech,earn,much,money,tired,work,,,,,,,
said,woman,emma,interview,tech,,,,,,,,,,,
woman,tech,like,fast,paced,bring,energy,make,think,,,,,,,
silence,community,non,black,naming,tech,,,,,,,,,,
tech,security,guard,fight,woman,dress,code,,,,,,,,,
got,fired,woman,tech,industry,new,job,employer,account,,,,,,,
talking,like,book,attractive,woman,thoughtful,smile,fleeting,glance,,,,,,,
movie,review,viola,woman,king,love,song,strong,black,possibly,best,film,year,,,
let,home,enough,blood,money,exactly,,,,,,,,,,
pity,person,take,tech,support,call,woman,poy,,,,,,,,
pandora,also,tech,savvy,woman,use,take,,,,,,,,,
top,tier,lady,numerous,endearing,possess,every,trait,ben,,,,,,,
viola,woman,king,film,festival,tech,,,,,,,,,,
seductive,tech,woman,expert,relationship,season,dish,domestic,,,,,,,,
seductive,tech,woman,expert,relationship,season,dish,domestic,,,,,,,,
woman,tech,,,,,,,,,,,,,,
big,mummy,woman,fine,,,,,,,,,,,,
engineering,bae,perhaps,built,confidence,tech,space,woman,color,,,,,,,
agree,many,woman,making,,,,,,,,,,,,
case,confirm,explode,reason,,,,,,,,,,,,
founder,outstanding,citizen,,,,,,,,,,,,,
hopefully,longer,express,surprise,meet,young,woman,physics,,,,,,,,
following,woman,tech,old,page,put,said,never,ever,put,profile,pic,,,,
cool,woman,tech,involved,tech,stuff,like,coach,,,,,,,,
every,woman,tech,conference,form,another,,,,,,,,,,
learn,woman,company,post,roe,world,via,wired,tech,digital,data,privacy,,,,
obe,featured,top,influential,woman,,,,,,,,,,,
woman,exploded,near,face,sleeping,,,,,,,,,,,
woman,tech,,,,,,,,,,,,,,
explosion,may,user,full,story,,,,,,,,,,,
mellon,professor,news,queen,suffering,calling,,,,,,,,,,
absolute,thief,woman,stolen,money,company,stolen,tech,,,,,,,,
literally,man,say,woman,need,track,cycle,phone,,,,,,,,
hear,read,handwriting,thank,god,,,,,,,,,,,
tech,men,maybe,need,grow,sense,street,wise,woman,already,load,,,,,
men,tech,test,let,past,,,,,,,,,,,
live,economic,submit,missing,woman,tech,,,,,,,,,,
indispensable,career,leading,woman,tech,bazaar,,,,,,,,,,
woman,tech,,,,,,,,,,,,,,
smart,safe,smart,lack,hard,shoulder,woman,smart,,,,,,,,
amazing,,,,,,,,,,,,,,,
education,woman,emancipation,whole,middle,age,give,,,,,,,,,
frightening,woman,tech,,,,,,,,,,,,,
good,god,woman,look,outdated,pull,mulch,pile,pass,,,,,,,
woman,tech,,,,,,,,,,,,,,
working,class,woman,,,,,,,,,,,,,
wonder,woman,building,love,episode,tech,executive,,,,,,,,,
may,pain,excruciating,mellon,prof,death,wretched,woman,queen,,,,,,,
add,tech,visit,higher,woman,less,attention,,,,,,,,,
seven,woman,tech,female,done,,,,,,,,,,,
pink,never,went,boy,crazy,like,went,,,,,,,,,
recipient,las,tech,community,service,award,,,,,,,,,,
racist,aggression,black,woman,daddy,network,tech,,,,,,,,,
woman,leader,currently,san,meeting,,,,,,,,,,,
sure,right,left,pastoral,ministry,worked,tech,eventually,led,team,,,,,,
gun,violence,,,,,,,,,,,,,,
north,still,vast,majority,people,use,everyday,basis,,,,,,,,
bright,year,old,woman,slowly,working,way,finishing,electrical,engineering,degree,,,,,
seductive,tech,woman,expert,relationship,season,dish,domestic,,,,,,,,
seductive,tech,woman,expert,relationship,season,dish,domestic,,,,,,,,
yeah,well,reach,star,trek,tech,,,,,,,,,,
strong,majority,support,need,elect,democrat,make,,,,,,,,,
woman,vet,tech,crazy,public,someone,question,animal,,,,,,,,
black,woman,nail,tech,absolutely,black,,,,,,,,,,
tech,sorry,wait,try,schedule,day,always,back,rub,,,,,,,
woman,working,tech,related,field,san,join,sept,great,food,drink,,,,,
doe,myth,sister,stopping,marrying,real,,,,,,,,,,
woman,tech,,,,,,,,,,,,,,
tech,leader,meta,serving,executive,experience,,,,,,,,,,
woman,tech,rise,,,,,,,,,,,,,
finalist,tech,industry,litigation,department,year,awa,,,,,,,,,
easy,vibrator,hand,woman,tech,,,,,,,,,,,
think,like,middle,aged,woman,tech,find,needs,mostly,moment,,,,,,
woman,never,forget,fact,agriculture,far,better,tech,let,shola,pressure,,,,,
mad,get,tech,works,hour,year,,,,,,,,,,
let,get,woman,tech,,,,,,,,,,,,
woman,tech,stem,,,,,,,,,,,,,
great,able,support,local,albeit,woman,bright,talent,joining,,,,,,,
woman,color,already,real,time,high,tech,dram,,,,,,,,
sentiment,common,sad,wish,make,change,want,,,,,,,,,
spaghetti,strap,sexy,silver,mermaid,luxury,beaded,evening,woman,formal,dress,serene,hill,,,
waiting,covid,booster,woman,mask,pharmacy,window,front,,,,,,,,
lawless,,,,,,,,,,,,,,,
may,pain,excruciating,mellon,prof,death,wretched,woman,queen,,,,,,,
welcome,new,world,open,ladies,thank,come,,,,,,,,,
woman,tech,teacher,,,,,,,,,,,,,
honestly,one,small,seminar,woman,professor,,,,,,,,,,
friend,woman,maybe,onto,something,least,,,,,,,,,,
generation,grew,thinking,woman,president,see,gave,tal,,,,,,,,
never,speaking,woman,tech,remains,important,topic,unfortunately,,,,,,,,
woman,told,let,get,control,age,discrimination,case,men,,,,,,,
price,pay,woman,working,tech,,,,,,,,,,,
tech,industry,mary,worn,multiple,building,internal,business,,,,,,,,
one,,,,,,,,,,,,,,,
exactly,put,track,panel,together,amazing,woman,panel,tech,topic,made,,,,,
woke,interview,next,week,found,first,love,woman,tech,,,,,,,
woman,tech,annoying,sometimes,,,,,,,,,,,,
season,mankind,really,really,like,show,anyone,else,check,alternative,history,,,,,
first,black,woman,retention,program,tech,,,,,,,,,,
high,capacity,menace,sword,control,,,,,,,,,,,
key,tech,series,allow,imposter,syndrome,hold,back,woman,,,,,,,
black,college,woman,interested,building,join,tech,tomorrow,,,,,,,,
primary,dramatic,tension,almost,power,dynamic,two,,,,,,,,,
hopefully,longer,express,surprise,meet,young,woman,physics,,,,,,,,
famous,hate,may,pain,excruciating,mellon,prof,death,wretched,woman,,,,,,
tiger,tear,true,tech,dominated,culture,still,year,,,,,,,,
would,definitely,make,tech,journey,easier,think,deserving,woman,win,,,,,,
prime,example,vile,sick,heartless,people,want,disarm,reshape,,,,,,,
may,pain,excruciating,mellon,prof,death,wretched,woman,queen,,,,,,,
another,woman,recently,posting,experience,working,leading,,,,,,,,,
real,piece,scum,may,pain,excruciating,mellon,prof,,,,,,,,
need,woman,intelligent,college,fund,working,become,,,,,,,,,
friend,woman,maybe,onto,something,least,,,,,,,,,,
may,pain,excruciating,mellon,prof,death,wretched,woman,queen,,,,,,,
may,pain,excruciating,mellon,prof,death,wretched,woman,queen,,,,,,,
woman,right,get,tech,believe,seeing,,,,,,,,,,
month,inside,talk,ever,beautiful,warm,product,designer,,,,,,,,
sadly,common,among,left,hate,lack,decency,may,pain,excruciating,,,,,,
people,inhabit,upper,,,,,,,,,,,,,
really,racism,may,rot,hell,,,,,,,,,,,
even,buried,yet,hateful,people,like,professor,evil,,,,,,,,
learn,disgusting,invasion,privacy,president,camera,woman,bedroom,say,,,,,,,
think,twice,may,pain,excruciating,mellon,prof,,,,,,,,,
may,pain,excruciating,mellon,prof,death,wretched,woman,queen,,,,,,,
read,report,outburst,vile,hatred,abuse,professor,death,queen,please,,,,,,
mellon,prof,death,wretched,woman,queen,education,via,,,,,,,,
black,woman,looking,get,tech,know,start,sure,follow,,,,,,,
become,woman,tech,,,,,,,,,,,,,
become,woman,tech,,,,,,,,,,,,,
wish,insider,give,leg,tech,check,article,,,,,,,,,
need,educate,always,,,,,,,,,,,,,
curiosity,surrounding,woman,tech,possibly,curiosity,really,,,,,,,,,
art,woman,tech,guru,art,woman,,,,,,,,,,
terrifying,ghost,woman,nobody,,,,,,,,,,,,
apparently,woman,works,tech,,,,,,,,,,,,
coverage,prof,gun,first,president,,,,,,,,,,,
woman,tech,,,,,,,,,,,,,,
meet,jane,head,middle,east,meta,jane,dynamic,leader,known,sound,,,,,
may,pain,excruciating,mellon,prof,death,wretched,woman,queen,,,,,,,
space,program,helpful,falling,apart,still,know,,,,,,,,,
something,like,miss,long,regrettable,thing,,,,,,,,,,
woman,tech,,,,,,,,,,,,,,
add,money,saving,get,really,need,improve,tech,,,,,,,,
tenacity,grit,passion,energy,possess,succeed,,,,,,,,,,
globally,tech,huge,call,industry,gender,parity,,,,,,,,,
leading,woman,tech,award,,,,,,,,,,,,
worked,tech,woman,mention,progress,tech,industry,,,,,,,,,
great,conversation,charger,woman,charging,worked,tech,,,,,,,,,
pure,evil,may,pain,excruciating,mellon,prof,death,wretched,woman,queen,,,,,
related,think,great,timing,since,woman,tech,let,recently,,,,,,,
want,test,done,woman,tech,test,learned,never,change,,,,,,,
used,attend,female,tech,hope,hook,one,woman,,,,,,,,
drop,woman,working,firm,told,ani,end,,,,,,,,,
tech,privilege,following,black,woman,faculty,member,brand,,,,,,,,
may,pain,excruciating,mellon,prof,death,wretched,woman,queen,hau,,,,,,
may,pain,excruciating,mellon,prof,death,wretched,woman,queen,,,,,,,
may,pain,excruciating,mellon,prof,death,wretched,woman,queen,,,,,,,
may,pain,excruciating,mellon,prof,death,wretched,woman,queen,,,,,,,
reflecting,lot,lately,recession,weird,mark,made,brain,job,,,,,,,
obviously,suffering,extreme,mental,illness,may,pain,excruciating,mellon,prof,wish,,,,,
may,pain,excruciating,mellon,prof,death,wretched,woman,queen,,,,,,,
may,pain,excruciating,mellon,prof,death,wretched,woman,queen,,,,,,,
sessions,include,keynote,survivor,advocate,lee,tech,abuse,woman,disability,,,,,,
may,pain,excruciating,mellon,prof,death,wretched,woman,queen,,,,,,,
guy,political,sugar,daddy,peter,pro,monarchy,tech,billionaire,like,pro,mon,,,,
art,want,star,trek,level,tech,simple,scan,least,render,map,really,rea,,,
may,pain,excruciating,mellon,prof,death,wretched,woman,queen,,,,,,,
may,pain,excruciating,mellon,prof,death,wretched,woman,queen,,,,,,,
must,may,pain,excruciating,mellon,prof,,,,,,,,,,
may,pain,excruciating,mellon,prof,death,wretched,woman,queen,,,,,,,
may,pain,excruciating,mellon,prof,death,wretched,woman,queen,,,,,,,
fired,may,pain,excruciating,mellon,prof,death,,,,,,,,,
tech,genius,force,security,dozer,see,action,field,one,phone,call,,,,,
gross,vile,,,,,,,,,,,,,,
evil,may,pain,excruciating,mellon,prof,death,wretched,woman,queen,,,,,,
may,pain,excruciating,mellon,prof,death,wretched,woman,queen,,,,,,,
employee,wrong,mistakenly,sent,woman,refund,,,,,,,,,,
may,pain,excruciating,mellon,prof,death,wretched,woman,queen,,,,,,,
may,pain,excruciating,mellon,prof,death,wretched,woman,queen,,,,,,,
apparently,poverty,woman,,,,,,,,,,,,,
hey,woman,autonomy,mobility,need,make,,,,,,,,,,
may,pain,excruciating,mellon,prof,death,wretched,woman,queen,,,,,,,
woman,battle,exercise,machine,get,fight,tech,addiction,couple,hidden,room,,,,,
kelly,yeah,sold,submarine,tech,,,,,,,,,,,
hateful,lot,,,,,,,,,,,,,,
silicon,valley,flooded,forcing,tech,ride,work,,,,,,,,,
nail,salon,banter,hilarious,woman,said,last,night,cook,curry,chicken,nail,tech,lie,,
may,pain,excruciating,mellon,prof,true,deplorable,death,wretched,woman,,,,,,
may,pain,excruciating,mellon,prof,death,wretched,woman,queen,,,,,,,
also,despicable,woman,came,third,world,hellhole,age,ten,,,,,,,
may,pain,excruciating,mellon,woke,prof,death,wretched,woman,queen,,,,,,
may,pain,excruciating,prof,death,wretched,woman,queen,,,,,,,,
thought,mean,ever,needs,fired,may,pain,,,,,,,,,
may,pain,excruciating,mellon,prof,death,wretched,woman,queen,,,,,,,
may,pain,excruciating,mellon,prof,death,wretched,woman,queen,,,,,,,
may,pain,excruciating,mellon,prof,death,wretched,woman,queen,,,,,,,
may,pain,excruciating,mellon,prof,death,wretched,woman,queen,,,,,,,
may,pain,excruciating,mellon,prof,death,wretched,woman,queen,,,,,,,
would,like,word,,,,,,,,,,,,,
tech,news,woman,system,monitor,cat,poop,python,pythonic,,,,,,,
may,pain,excruciating,mellon,prof,death,wretched,woman,queen,,,,,,,
prof,evil,low,class,evil,mellon,professor,news,queen,suffer,,,,,,
scan,fine,tech,woman,kind,small,cry,,,,,,,,,
repulsive,may,pain,excruciating,prof,death,wretched,woman,queen,,,,,,,
employee,disgusting,people,may,pain,excruciating,prof,wis,,,,,,,,
also,know,senior,tech,woman,senior,tech,employ,,,,,,,,
define,,,,,,,,,,,,,,,
may,pain,excruciating,mellon,prof,death,wretched,woman,queen,,,,,,,
may,pain,excruciating,mellon,prof,death,wretched,woman,queen,,,,,,,
marcel,congress,well,declare,look,watch,finally,get,fried,may,pain,,,,,
woman,tech,,,,,,,,,,,,,,
may,pain,excruciating,mellon,prof,death,wretched,woman,queen,,,,,,,
tolerance,compassion,working,witchcraft,death,,,,,,,,,,,
may,pain,excruciating,mellon,prof,death,wretched,woman,queen,,,,,,,
may,pain,excruciating,mellon,prof,death,wretched,woman,queen,,,,,,,
typical,hateful,piece,may,pain,excruciating,mellon,prof,death,,,,,,,
woman,wanting,learn,react,become,well,prepared,,,,,,,,,
may,pain,excruciating,mellon,prof,death,wretched,woman,queen,,,,,,,
may,pain,excruciating,mellon,prof,death,wretched,woman,queen,,,,,,,
mellon,university,prof,,,,,,,,,,,,,
yesterday,tech,twitter,either,motivate,oppress,saw,,,,,,,,,
may,pain,excruciating,mellon,prof,death,wretched,woman,queen,,,,,,,
normally,censor,fun,woman,,,,,,,,,,,,
joshi,found,passion,successful,woman,tech,undergrad,group,,,,,,,,
seductive,tech,woman,expert,relationship,season,dish,domestic,,,,,,,,
may,pain,excruciating,mellon,prof,death,wretched,woman,queen,,,,,,,
may,pain,excruciating,mellon,prof,death,wretched,woman,queen,,,,,,,
may,pain,excruciating,mellon,prof,death,wretched,woman,queen,,,,,,,
may,pain,excruciating,mellon,prof,death,wretched,woman,queen,,,,,,,
disgusting,woman,may,pain,excruciating,mellon,prof,death,wretch,,,,,,,
rut,lan,teaching,,,,,,,,,,,,,
hundred,hence,like,,,,,,,,,,,,,
another,prime,example,loving,liberal,may,pain,excruciating,,,,,,,,
leaves,box,table,front,never,buy,someone,,,,,,,,,
mellon,university,professor,news,queen,suffering,,,,,,,,,,
mellon,university,professor,news,queen,suffering,,,,,,,,,,
tolerance,,,,,,,,,,,,,,,
may,pain,excruciating,mellon,prof,death,wretched,woman,queen,,,,,,,
wretched,vile,woman,find,mirror,,,,,,,,,,,
may,pain,excruciating,mellon,prof,death,wretched,woman,queen,,,,,,,
woman,anything,mind,alpha,blue,foundation,actively,,,,,,,,,
may,pain,excruciating,mellon,prof,death,wretched,woman,queen,,,,,,,
may,pain,excruciating,mellon,prof,death,wretched,woman,queen,,,,,,,
may,pain,excruciating,mellon,prof,death,wretched,woman,queen,,,,,,,
really,pay,attention,house,moment,woman,,,,,,,,,,
yea,absolutely,agree,,,,,,,,,,,,,
damn,lady,bad,shape,may,pain,excruciating,mellon,prof,death,,,,,,
wow,woke,hatred,,,,,,,,,,,,,
true,evil,may,pain,excruciating,mellon,prof,death,wretch,,,,,,,
may,pain,excruciating,mellon,prof,death,wretched,woman,queen,,,,,,,
may,pain,excruciating,mellon,prof,death,wretched,woman,queen,,,,,,,
searching,job,help,taurean,consulting,group,woman,project,,,,,,,,
back,cha,sweet,colorful,queen,today,race,reference,,,,,,,,
may,pain,excruciating,mellon,prof,death,wretched,woman,queen,,,,,,,
new,version,apple,watch,signal,woman,fertile,,,,,,,,,
may,pain,excruciating,mellon,prof,death,wretched,woman,queen,,,,,,,
may,pain,excruciating,repulsive,mellon,professor,death,wretched,woman,queen,,,,,,
know,great,woman,tech,build,open,one,week,,,,,,,,
stupid,girl,going,zero,soon,enough,outdated,tech,far,better,,,,,,
today,futuristic,fort,tech,help,tech,help,thank,goodness,need,help,,,,,
tech,,,,,,,,,,,,,,,
extraordinary,woman,whatever,monarchy,glad,got,meet,good,old,chat,nea,,,,,
hit,woman,man,bat,sports,,,,,,,,,,,
black,tech,keep,good,woman,,,,,,,,,,,
black,woman,tech,thinking,,,,,,,,,,,,
woman,tech,,,,,,,,,,,,,,
advice,help,navigate,leadership,woman,find,people,field,mentor,guide,,,,,,
thank,god,woman,see,time,lack,tech,,,,,,,,,
slowly,maybe,useful,next,woman,,,,,,,,,,,
woman,tech,field,something,else,heavily,male,dominant,field,amount,men,,,,,
black,woman,head,one,tech,,,,,,,,,,,
one,thing,ask,woman,taken,dominated,,,,,,,,,,
woman,keep,via,vice,tech,,,,,,,,,,,
one,powerful,woman,tech,woman,name,mercy,mercy,,,,,,,,
woman,tech,,,,,,,,,,,,,,
would,definitely,long,way,helping,climb,even,greater,,,,,,,,
man,drug,window,vulnerable,woman,home,routine,search,,,,,,,,
actually,issue,interview,tech,director,,,,,,,,,,,
woman,tech,,,,,,,,,,,,,,
guy,job,interviewer,date,,,,,,,,,,,,
tech,already,facing,white,woman,class,action,complaint,,,,,,,,
tech,woman,company,post,roe,world,technology,bot,news,,,,,,,
weekend,met,talented,young,woman,tech,field,recently,said,,,,,,,
familiar,,,,,,,,,,,,,,,
image,searching,tech,wear,work,conference,tomorrow,like,woman,,,,,,,
woman,told,let,get,control,age,discrimination,case,men,,,,,,,
professor,head,continental,mathematics,panel,professor,head,,,,,,,,,
ade,love,tenacity,anything,want,wait,,,,,,,,,,
ever,gone,watch,tech,related,video,play,cos,woman,,,,,,,
knew,tech,thing,would,gone,want,black,woman,tech,bad,,,,,,
teenage,need,know,assertive,tough,powerful,successful,somewhat,strong,,,,,,,
another,initiative,woman,entrepreneur,inspirational,,,,,,,,,,,
happy,made,included,computer,weekly,top,influential,,,,,,,,,
anna,woman,mission,new,client,conversation,palmer,,,,,,,,,
done,super,leadership,unwavering,vision,,,,,,,,,,,
knew,bad,know,bad,woman,right,,,,,,,,,,
woman,disturbing,working,slept,late,woke,early,cos,,,,,,,,
female,woman,scarce,industry,finance,financial,,,,,,,,,,
cheering,countless,along,journey,yesterday,one,day,,,,,,,,,
tech,company,elderly,woman,almost,phone,,,,,,,,,,
get,enough,credit,woman,tech,,,,,,,,,,,
remain,comedy,wait,took,phone,collect,lady,leave,woman,,,,,,,
let,influence,way,,,,,,,,,,,,,
woman,exactly,know,personal,think,,,,,,,,,,,
schwarz,white,woman,tech,strider,thing,,,,,,,,,,
sha,welcome,way,transition,medicine,tech,woman,,,,,,,,,
cheeky,ask,would,anyone,spare,ticket,open,source,summit,next,week,,,,,
thing,truly,inspired,value,already,,,,,,,,,,,
killer,michigan,woman,missing,genealogy,technology,say,,,,,,,,,
woman,right,mind,going,data,tech,company,nope,never,,,,,,,
tech,firm,helping,smallholder,sell,produce,price,,,,,,,,,
woman,mean,work,different,break,away,bias,,,,,,,,,
professor,head,continental,mathematics,panel,,,,,,,,,,,
gun,stem,,,,,,,,,,,,,,
art,tech,call,renaissance,woman,,,,,,,,,,,
apple,event,mysterious,footage,woman,disappearing,,,,,,,,,,
killer,michigan,woman,missing,genealogy,technology,say,,,,,,,,,
woman,board,cosmetology,told,longer,job,,,,,,,,,,
burning,man,inclusive,cost,ticket,skinny,white,span,,,,,,,,
fame,tech,woman,con,,,,,,,,,,,,
professor,head,mathematics,panel,,,,,,,,,,,,
space,men,woman,also,tech,,,,,,,,,,,
wedding,woman,across,looking,land,first,,,,,,,,,,
woman,board,cosmetology,told,longer,job,,,,,,,,,,
mathematics,,,,,,,,,,,,,,,
waiting,watch,extra,button,one,click,,,,,,,,,,
dream,tech,cofounder,woman,color,advised,first,someone,see,,,,,,,
tired,diverse,site,see,black,woman,man,,,,,,,,,
outrageous,listing,chapter,screening,event,woman,,,,,,,,,,
marc,assume,given,context,conversation,,,,,,,,,,,
woman,immediately,shake,cry,sit,receptionist,went,back,back,look,,,,,,
seen,non,white,woman,since,got,tech,,,,,,,,,
well,done,woman,tech,relent,,,,,,,,,,,
harry,times,story,major,,,,,,,,,,,,
yea,poor,feature,woman,really,gloss,lot,satellite,way,way,,,,,,
imagine,ask,conference,vet,registration,list,dude,,,,,,,,,
check,next,renaissance,woman,diversity,tech,,,,,,,,,,
liberty,torch,shone,ensure,basic,human,dignity,making,personal,,,,,,,
woman,working,tech,,,,,,,,,,,,,
strong,majority,roe,wade,need,elect,democrat,make,,,,,,,,
strong,majority,support,need,elect,democrat,make,,,,,,,,,
strong,majority,roe,wade,need,elect,democrat,make,,,,,,,,
strong,majority,support,roe,wade,need,elect,democrat,make,,,,,,,
every,woman,able,make,health,doctor,actively,,,,,,,,,
tech,science,daily,woman,smell,come,breakthrough,,,,,,,,,
tech,science,daily,woman,smell,come,breakthrough,,,,,,,,,
killer,michigan,woman,missing,genealogy,technology,say,,,,,,,,,
apple,event,mysterious,footage,woman,disappearing,clip,thought,linked,apple,severance,,,,,
update,days,extending,offer,today,woman,male,,,,,,,,,
going,apple,event,mysterious,footage,woman,disappearing,,,,,,,,,
today,got,meeting,right,time,baby,woman,tech,thought,,,,,,,
woman,tech,experience,made,inevitable,terrifying,nearly,declined,,,,,,,,
camera,interface,chip,listen,inner,tech,fan,,,,,,,,,
year,ago,dead,end,job,japan,new,company,successfully,web,project,tod,,,,
apple,event,mysterious,footage,woman,disappearing,,,,,,,,,,
six,million,dollar,man,sure,woman,like,closer,rea,,,,,,,
apple,event,mysterious,footage,woman,disappearing,,,,,,,,,,
female,woman,scarce,industry,post,,,,,,,,,,,
man,joy,get,black,got,done,eye,doctor,tech,black,woman,,,,,
share,experience,enter,tech,industry,,,,,,,,,,,
trying,find,agent,luck,running,time,fortunately,tech,,,,,,,,
celeste,paladin,young,woman,conviction,strength,ancient,hammer,tech,shield,fight,,,,,
went,study,electronics,engineering,university,partly,woman,tell,,,,,,,,
radiant,showing,tech,work,feel,like,woman,black,,,,,,,,
killer,michigan,woman,missing,genealogy,technology,,,,,,,,,,
super,annoying,voice,perhaps,design,apple,saying,noise,tech,,,,,,,
mac,losing,apple,new,tech,woman,health,latest,apple,watch,,,,,,
home,hero,first,native,space,,,,,,,,,,,
leading,woman,tech,award,,,,,,,,,,,,
way,love,tech,woman,tech,,,,,,,,,,,
nail,tech,definitely,truth,young,black,woman,,,,,,,,,
dam,new,apple,watch,tell,woman,coming,cycle,high,tech,,,,,,
supposed,hip,hop,first,went,wrong,according,black,woman,tech,,,,,,
non,technical,woman,tech,shown,whole,new,world,disrespect,,,,,,,
killer,michigan,woman,missing,genealogy,,,,,,,,,,,
brave,new,world,killer,michigan,woman,missing,genealogy,technology,via,,,,,,
man,man,woman,tech,race,implant,,,,,,,,,,
killer,michigan,woman,missing,genealogy,technology,,,,,,,,,,
woman,tech,babe,,,,,,,,,,,,,
black,woman,tech,interested,tech,business,chance,win,free,,,,,,,
supposed,hip,hop,first,went,wrong,according,black,woman,tech,war,,,,,
black,woman,tech,rand,would,hate,atlas,,,,,,,,,
opinion,tech,science,daily,woman,smell,news,,,,,,,,,
tech,science,daily,woman,smell,,,,,,,,,,,
woman,crush,today,lady,fought,odds,,,,,,,,,,
today,last,day,apply,spring,camelback,fellowship,early,stage,woman,,,,,,
serene,hill,pink,luxury,evening,beading,line,sparkle,woman,wedding,party,,,,,
tech,tech,definitely,kind,,,,,,,,,,,,
ant,woman,work,tech,day,two,,,,,,,,,,
one,worst,project,worked,woman,tech,speaker,linked,kin,,,,,,,
watch,episode,discuss,project,versus,product,management,,,,,,,,,
thanks,great,editor,focus,love,human,like,,,,,,,,,
tech,illiteracy,real,watched,video,woman,older,like,really,bring,,,,,,
happy,birthday,tech,woman,,,,,,,,,,,,
together,starting,woman,tech,founder,,,,,,,,,,,
early,tech,wiener,always,saw,technology,,,,,,,,,,
year,old,rare,condition,sense,smell,,,,,,,,,,
new,director,cross,center,unit,abu,glowing,example,,,,,,,,
phew,load,socialist,woman,tech,relief,finally,come,,,,,,,,
needs,seen,,,,,,,,,,,,,,
meet,founder,international,expansion,director,official,among,many,erika,,,,,,,
killer,michigan,woman,missing,genealogy,tech,,,,,,,,,,
woman,tech,thriving,male,dominated,field,hear,heather,founder,,,,,,,
tech,woman,collection,description,slide,link,,,,,,,,,,
twitter,someone,quite,tech,savvy,switched,picture,wall,woman,,,,,,,
deadline,next,cohort,open,female,cohort,female,,,,,,,,,
tech,always,focus,watch,know,woman,engineer,inspired,,,,,,,,
good,thing,bay,area,enough,man,woman,power,available,tech,industry,,,,,
could,woman,left,tech,working,several,six,figure,,,,,,,,
haggard,old,woman,also,feel,work,tech,,,,,,,,,
lash,tech,amazing,woman,,,,,,,,,,,,
knew,year,old,woman,taught,tech,literacy,class,local,library,elderly,,,,,
like,private,finally,caught,tech,take,look,,,,,,,,,
woman,tech,,,,,,,,,,,,,,
also,need,someone,explain,original,post,real,woman,right,getting,,,,,,
one,woman,going,viral,accidentally,sending,personal,information,posing,high,,,,,,
woman,tech,,,,,,,,,,,,,,
woman,said,felt,ill,prepared,edge,mysterious,incident,left,believing,,,,,,
remember,think,season,left,told,clark,woman,,,,,,,,,
cruise,woman,tech,thinking,,,,,,,,,,,,
put,black,woman,tech,bad,like,let,,,,,,,,,
yet,yet,woman,,,,,,,,,,,,,
found,perfect,black,woman,nail,tech,studio,damn,hard,get,appointment,,,,,
working,tech,woman,really,hard,sometimes,mainly,room,full,men,,,,,,
told,consistently,pick,wrong,people,woman,tech,,,,,,,,,
dear,god,thankful,woman,,,,,,,,,,,,
need,woman,tech,,,,,,,,,,,,,
seductive,tech,woman,expert,relationship,season,dish,domestic,,,,,,,,
tech,field,part,forte,hypothetically,,,,,,,,,,,
queen,dental,tech,told,minute,since,black,woman,stick,,,,,,,
wolf,pack,help,ratio,tech,fuzz,draw,fat,woman,else,,,,,,
woman,web,award,category,winner,category,,,,,,,,,,
know,woman,one,first,search,history,learn,,,,,,,,,
nail,salon,middle,service,woman,comes,wax,appointment,technician,,,,,,,
nail,tech,came,salon,today,wow,woman,,,,,,,,,
along,disappear,woman,tech,,,,,,,,,,,,
lean,lean,across,pull,somebody,necessarily,look,like,sound,like,come,,,,,
woman,tech,,,,,,,,,,,,,,
woman,trying,calm,sit,back,person,party,calm,,,,,,,,
seductive,tech,woman,expert,relationship,season,dish,domestic,,,,,,,,
medical,lab,tech,well,versed,data,half,dense,den,,,,,,,
woman,tech,work,know,someone,situation,adobe,program,,,,,,,,
school,woman,tech,came,present,work,want,said,saw,,,,,,,
voting,open,influential,woman,tech,,,,,,,,,,,
tech,woman,fake,job,posting,red,,,,,,,,,,
tech,totally,fine,hate,long,personally,,,,,,,,,,
black,woman,interested,tech,business,give,free,,,,,,,,,
miss,fire,yes,woman,tech,,,,,,,,,,,
feel,carefully,image,process,moving,corp,,,,,,,,,,
self,woman,working,dev,design,looking,level,new,,,,,,,,
tech,triggered,saw,strong,woman,look,get,,,,,,,,,
great,chief,product,officer,show,,,,,,,,,,,
friend,pharmacy,tech,old,woman,got,upset,repeat,name,hear,,,,,,
perfect,woman,clingy,like,got,solo,need,sometimes,,,,,,,,
mum,said,friend,account,want,,,,,,,,,,,
old,woman,tech,support,physically,cut,people,listen,describe,pro,,,,,,
mention,fletcher,super,state,,,,,,,,,,,,
lucky,least,good,sense,spend,allegedly,ill,gotten,gains,,,,,,,
seeking,return,million,million,accidentally,transferred,woman,,,,,,,,,
woman,tech,people,tech,stop,saying,technical,,,,,,,,,
woman,tech,school,mask,chin,getting,car,,,,,,,,,
hello,woman,non,binary,love,attend,help,grow,career,,,,,,,
days,left,nominate,outstanding,woman,tech,man,tech,,,,,,,,
south,announce,lea,,,,,,,,,,,,,
got,done,got,rid,terrorist,supporting,low,,,,,,,,,
tech,woman,come,apply,,,,,,,,,,,,
fatal,gas,acknowledged,,,,,,,,,,,,,
done,time,time,standard,bank,top,woman,winner,,,,,,,,
seven,female,done,leadership,,,,,,,,,,,,
following,made,life,better,entertaining,woman,tech,,,,,,,,,
percent,tech,woman,founder,group,,,,,,,,,,,
delighted,see,nash,squared,top,influential,,,,,,,,,,
woman,working,tech,industry,looking,work,tech,industry,,,,,,,,
woman,working,tech,industry,looking,work,tech,industry,,,,,,,,
woman,tech,,,,,,,,,,,,,,
delighted,see,white,nash,squared,top,influential,woman,,,,,,,,
woman,tech,,,,,,,,,,,,,,
read,one,woman,quest,bring,new,people,tech,industry,,,,,,,
accidentally,received,thanks,,,,,,,,,,,,,
leading,woman,tech,,,,,,,,,,,,,
woman,tech,apply,win,free,,,,,,,,,,,
leading,woman,tech,,,,,,,,,,,,,
learnt,actually,well,woman,tech,indeed,,,,,,,,,,
analytics,love,,,,,,,,,,,,,,
voting,open,influential,woman,tech,via,,,,,,,,,,
wise,hearted,woman,tech,,,,,,,,,,,,
really,deal,headache,well,worth,,,,,,,,,,,
know,else,needs,see,might,save,life,less,,,,,,,,
lying,end,crime,new,hospital,china,money,,,,,,,,,
works,tech,cool,beautiful,woman,,,,,,,,,,,
pine,group,chat,set,wonder,woman,world,war,,,,,,,,
woman,widely,kind,note,left,driver,car,accidentally,scraped,ahoy,,,,,,
woman,widely,kind,note,left,driver,car,accidentally,scraped,,,,,,,
hear,woman,tried,would,,,,,,,,,,,,
calling,wellington,tech,join,sept,person,workshop,run,engineering,manager,,,,,,
success,story,woman,works,tech,appreciate,respect,book,,,,,,,,
dementia,woman,corrupt,family,politician,media,big,tech,,,,,,,,
call,woman,tech,campus,,,,,,,,,,,,
chick,went,random,woman,school,teacher,granddaughter,billionaire,heiress,,,,,,,
image,text,pick,subtlety,like,,,,,,,,,,,
saw,great,like,woman,shot,bow,arrow,phenomenal,steel,drum,,,,,,
boat,influencer,artist,someone,working,,,,,,,,,,,
jab,joke,truly,blessed,,,,,,,,,,,,
prodigal,son,talking,woman,also,gay,,,,,,,,,,
black,college,woman,passionate,tech,would,like,gain,lead,,,,,,,
serene,hill,pink,long,mermaid,train,luxury,evening,woman,party,formal,dress,,,,
missing,everyone,short,woman,clearly,putt,rod,,,,,,,,,
tech,femicide,killing,woman,girl,declined,establish,relationship,,,,,,,,
successfully,confused,gender,much,twitter,tech,content,,,,,,,,,
tech,good,true,good,true,woman,,,,,,,,,,
new,video,woman,unthinkable,,,,,,,,,,,,
people,part,,,,,,,,,,,,,,
categorically,say,learning,tech,public,woman,really,,,,,,,,,
wow,believer,woman,talking,killing,viable,person,murder,,,,,,,,
woman,printed,fake,weekly,issue,read,,,,,,,,,,
black,woman,tech,space,,,,,,,,,,,,
thought,supposed,safe,crash,,,,,,,,,,,,
camelback,looking,next,cohort,social,tech,early,,,,,,,,,
pay,everything,worry,serious,also,,,,,,,,,,,
saw,video,blank,woman,nail,tech,bill,,,,,,,,,
even,know,woman,care,something,know,,,,,,,,,,
harry,tech,single,sick,people,,,,,,,,,,,
analytics,tech,data,,,,,,,,,,,,,
two,providing,need,,,,,,,,,,,,,
turn,spoke,phone,woman,way,peaceful,,,,,,,,,,
tech,woman,body,,,,,,,,,,,,,
boss,messy,hot,time,fragrance,,,,,,,,,,,
image,year,old,woman,apply,sun,cream,neck,,,,,,,,
cast,vote,influential,woman,tech,see,many,,,,,,,,,
influential,tech,,,,,,,,,,,,,,
leading,woman,tech,via,biz,legal,biz,,,,,,,,,
leading,woman,tech,ice,via,biz,legal,biz,,,,,,,,
beth,sold,ticket,later,black,woman,tequila,brand,imp,,,,,,,
woman,likely,fellow,citizen,leading,yea,,,,,,,,,,
wow,early,pioneer,tech,woman,,,,,,,,,,,
around,image,think,tech,kind,cool,know,,,,,,,,,
career,changer,teacher,tech,woman,self,paced,,,,,,,,,
cast,vote,influential,woman,tech,see,many,,,,,,,,,
comedy,gold,woman,employ,always,good,country,morale,,,,,,,,
tech,ethics,quantum,truly,back,woman,stem,era,,,,,,,,
rich,tech,learn,finance,become,give,woman,money,,,,,,,,
huge,anna,computer,weekly,top,influential,,,,,,,,,,
woman,likely,fellow,citizen,leading,yea,,,,,,,,,,
dear,woman,tech,allow,fear,hold,back,take,happy,new,week,,,,,
hey,twitter,fam,according,ani,tool,weapon,hold,right,sense,woman,,,,,
nothing,old,woman,life,modern,tech,social,media,chang,,,,,,,
woman,tech,,,,,,,,,,,,,,
event,serious,person,access,list,carrying,,,,,,,,,,
voting,open,influential,tech,board,cha,,,,,,,,,,
crazy,woman,even,research,ever,since,freed,,,,,,,,,
made,accolade,influential,,,,,,,,,,,,,
succeed,woman,tech,man,opinion,,,,,,,,,,,
fascinating,see,blaming,lack,interest,woman,fought,,,,,,,,,
biometric,since,government,facial,recognition,tech,identity,,,,,,,,,
getting,talk,girl,sex,industry,big,fan,also,,,,,,,,
subject,absolutely,covid,daughter,agency,nurse,came,,,,,,,,,
pay,sell,dog,meat,shop,man,china,woman,dog,unless,,,,,,
woman,tech,baby,straw,,,,,,,,,,,,
know,written,history,tech,ability,store,source,,,,,,,,,
toot,horn,average,young,woman,manager,bought,house,,,,,,,,
start,like,tech,white,woman,,,,,,,,,,,
know,know,badly,need,system,even,know,see,supporting,black,,,,,,
hey,everyone,giving,free,support,black,order,pursue,passion,,,,,,,
black,woman,always,trail,continue,thanks,amazing,,,,,,,,,
think,super,important,tech,call,world,stood,shoulder,,,,,,,,
democracy,collude,tech,silence,also,,,,,,,,,,,
decision,came,kiwi,linked,campaign,harassment,violent,,,,,,,,,
woman,special,kind,demon,directly,,,,,,,,,,,
kim,get,head,round,smart,insightful,kind,every,con,,,,,,,
seeking,return,million,million,accidentally,transferred,woman,,,,,,,,,
put,tech,still,dress,woman,around,style,got,,,,,,,,
known,woman,climate,familial,set,near,future,canada,run,,,,,,,
woman,wanting,learn,react,become,well,prepared,developer,,,,,,,,
current,economic,situation,rise,young,men,spending,money,thanks,yahoo,tech,,,,,
needing,help,least,support,woman,tech,,,,,,,,,,
providing,news,always,helpful,right,may,seen,seven,eight,ago,tech,,,,,
service,company,controversial,forum,imminent,human,life,,,,,,,,,
always,speak,right,thing,woman,comedy,came,tech,know,damage,,,,,,
regulate,digital,beyond,tech,giant,eve,,,,,,,,,,
chaya,woman,behind,popular,account,let,twitter,woke,censorship,,,,,,,
celebration,time,courageous,black,woman,start,journey,may,fast,forward,,,,,,
woman,tech,,,,,,,,,,,,,,
hot,press,read,latest,newsletter,woman,behind,weekly,issue,,,,,,,
first,day,new,job,one,doc,section,wondering,watch,loving,tha,,,,,
woman,tech,,,,,,,,,,,,,,
please,give,tech,woman,already,,,,,,,,,,,
tech,woman,,,,,,,,,,,,,,
multiple,work,maybe,together,woman,froze,sperm,got,,,,,,,,
tech,certain,like,overall,people,belong,remember,one,first,,,,,,,
hey,everyone,giving,free,support,black,order,pursue,passion,sew,,,,,,
technically,black,woman,tech,look,please,give,,,,,,,,,
ago,day,beautiful,friend,loaded,cruiser,drove,across,country,spend,,,,,,
course,woman,incompetent,get,pick,diversity,,,,,,,,,,
wife,quiet,tech,woman,front,whole,game,,,,,,,,,
food,tech,tech,,,,,,,,,,,,,
inflation,reduction,act,student,loan,debt,relief,tech,chips,act,bipartisan,gun,,,,
woman,several,ready,defend,people,,,,,,,,,,,
less,concerned,woman,end,driveway,holding,baby,,,,,,,,,
nail,tech,married,woman,weird,man,,,,,,,,,,
come,light,men,tech,run,long,new,woman,last,firm,,,,,,
tech,female,tech,woman,hired,,,,,,,,,,,
heaven,ust,tech,strong,independent,woman,outside,bare,minimum,enjoyer,inside,parang,men,,,
year,old,woman,high,tech,unemployed,ago,sent,,,,,,,,
woman,china,hurt,escalator,falling,suitcase,video,,,,,,,,,
susceptible,brainwashing,dislike,know,would,find,funny,,,,,,,,,
never,met,woman,men,,,,,,,,,,,,
former,woman,tech,global,,,,,,,,,,,,
know,woman,say,anything,tech,theres,least,one,guy,correct,,,,,,
matter,woman,also,black,rectangular,thing,,,,,,,,,,
four,new,career,tech,working,network,administrator,school,district,sou,,,,,,
still,woman,tech,,,,,,,,,,,,,
woman,nail,tech,refusing,pay,bill,,,,,,,,,,
wondering,actual,black,woman,area,felt,technocrat,though,,,,,,,,
also,know,responsibility,alone,woman,color,tech,right,like,,,,,,,
nature,know,anything,like,tech,post,,,,,,,,,,
really,finding,many,industry,targeted,themsel,,,,,,,,,,
reason,woman,needlessly,die,due,pregnancy,science,tech,,,,,,,,
strong,majority,support,roe,wade,need,elect,democrat,make,,,,,,,
strong,majority,support,roe,wade,need,elect,democrat,make,,,,,,,
liberty,torch,shone,ensure,basic,human,dignity,making,personal,,,,,,,
strong,majority,roe,wade,need,elect,democrat,make,,,,,,,,
every,woman,able,make,health,doctor,actively,,,,,,,,,
strong,majority,support,need,elect,democrat,make,,,,,,,,,
strong,majority,roe,wade,need,elect,democrat,make,,,,,,,,
want,know,like,woman,tech,enjoy,non,comprehensive,list,,,,,,,
chose,locked,momentarily,making,way,,,,,,,,,,,
jean,speechless,confirmation,white,house,collusion,big,tech,via,,,,,,,
never,daughter,specific,role,career,much,less,military,aviation,,,,,,,
page,never,daughter,specific,role,career,much,less,military,,,,,,,
smart,woman,always,read,times,,,,,,,,,,,
time,interact,rich,straight,tech,guy,living,san,become,convinced,,,,,,
anyway,orange,friend,nail,tech,done,,,,,,,,,,
woman,tech,,,,,,,,,,,,,,
please,god,let,get,vaccine,woman,stop,counting,instead,giving,tech,damn,card,,,
one,strong,web,woman,know,fast,learner,tech,advocate,web,,,,,,
maybe,already,done,,,,,,,,,,,,,
face,woman,game,business,analysis,giving,non,technical,blueprint,,,,,,,
important,note,well,woman,faced,tech,career,still,outrage,,,,,,,
woman,trying,enter,tech,university,san,offering,free,program,,,,,,,
winter,boots,new,ankle,boots,woman,warm,plush,ladies,waterproof,hook,loop,slip,snow,boot,
care,rocket,fly,around,moon,even,land,today,tech,,,,,,,
embarrassing,way,program,,,,,,,,,,,,,
threatening,van,suspicious,,,,,,,,,,,,,
neo,tech,guess,corps,really,think,since,seem,unusually,woman,,,,,,
first,year,woman,tech,way,security,guard,ended,work,,,,,,,
tech,thing,click,head,come,dey,make,better,money,swear,god,never,see,,,
news,category,role,model,year,tech,woman,tech,excel,,,,,,,
red,tech,raccoon,woman,works,senior,,,,,,,,,,
met,couple,times,apologia,church,another,cult,,,,,,,,,
know,funny,stock,image,woman,biting,computer,drove,past,tech,store,,,,,
going,back,moon,simply,moon,plan,land,,,,,,,,,
going,back,moon,simply,moon,plan,land,con,,,,,,,,
mad,big,tech,spew,misinformation,,,,,,,,,,,
tech,woman,much,higher,technology,bot,news,,,,,,,,,
need,passionate,tech,woman,opportunity,showcase,designing,,,,,,,,,
candy,woman,tech,thats,sexy,,,,,,,,,,,
amber,straight,white,tech,founder,trouble,finding,woman,definitely,,,,,,,
woman,tech,,,,,,,,,,,,,,
know,guy,street,tech,always,sleepless,night,,,,,,,,,
simple,example,one,room,made,feel,unwelcome,talk,,,,,,,,
dumb,woman,growth,tech,stocks,recession,,,,,,,,,,
family,member,student,looking,woman,tech,entrepreneur,visit,college,share,,,,,,
completely,agree,think,probably,thought,first,people,,,,,,,,,
woman,get,flown,focus,boy,,,,,,,,,,,
woman,house,firm,accidentally,million,,,,,,,,,,,
woman,tech,marriage,material,great,confirm,,,,,,,,,,
banker,business,man,woman,everyone,tech,different,connect,bus,,,,,,,
banking,tech,winner,credit,woman,technology,,,,,,,,,,
gentle,reminder,banker,business,man,woman,everyone,tech,different,,,,,,,
going,back,moon,simply,moon,plan,land,,,,,,,,,
twitter,used,follow,writer,magazine,new,female,,,,,,,,,
art,tech,happy,relaxed,days,dawn,live,,,,,,,,,
jay,woman,end,murder,sorry,mislead,,,,,,,,,,
know,male,every,woman,,,,,,,,,,,,
penang,woman,facial,reconstruction,old,neolithic,image,skull,tech,times,penang,,,,,
know,fair,say,zero,support,sure,entire,organization,funded,tech,,,,,,
thread,long,hard,think,woman,know,sort,,,,,,,,,
customer,back,tonight,yeah,issue,need,repair,like,really,need,,,,,,
tech,support,woman,tech,,,,,,,,,,,,
woman,tech,,,,,,,,,,,,,,
strong,majority,roe,wade,need,elect,democrat,make,,,,,,,,
hyperbole,fallacy,invalidation,without,seeking,clarification,insult,blah,blah,,,,,,,
thank,really,upset,,,,,,,,,,,,,
unconventionally,attractive,men,list,black,men,one,white,man,big,nose,,,,,
get,pro,oxy,via,,,,,,,,,,,,
spirit,expand,men,supreme,court,,,,,,,,,,,
polo,men,shirt,,,,,,,,,,,,,
men,marketing,tech,,,,,,,,,,,,,
lee,worked,high,tech,silicon,valley,would,follow,men,men,room,,,,,
spirit,expand,men,supreme,court,,,,,,,,,,,
lee,worked,high,tech,silicon,valley,would,follow,men,men,room,,,,,
actually,think,acceptable,refer,pair,men,faced,,,,,,,,,
men,tech,graphic,shorts,,,,,,,,,,,,
twelve,working,husband,firehouse,riding,list,,,,,,,,,,
check,listing,added,closet,tech,pack,men,running,cutout,vest,singlet,top,,,,
tech,finish,intercollegiate,men,golf,tech,athletics,,,,,,,,,
spirit,expand,men,sup,,,,,,,,,,,,
check,listing,added,closet,sportswear,fit,tech,pack,gray,,,,,,,
percentage,global,tech,yet,leader,,,,,,,,,,,
men,word,global,law,medical,,,,,,,,,,,
ask,father,worry,executive,tech,recently,found,men,level,make,,,,,,
someone,posted,would,war,know,woke,military,men,,,,,,,,
someone,posted,would,war,know,woke,military,men,,,,,,,,
tech,men,forever,top,tier,,,,,,,,,,,
men,word,global,law,medical,,,,,,,,,,,
men,word,global,law,medical,,,,,,,,,,,
men,soccer,shutout,tech,,,,,,,,,,,,
sports,men,soccer,defend,home,turf,win,tech,,,,,,,,
ladies,hate,see,men,happy,,,,,,,,,,,
men,word,global,law,medical,,,,,,,,,,,
engineer,slight,innate,tech,skill,men,mean,,,,,,,,,
sept,wake,tech,hosting,men,basketball,recruiting,showcase,dev,,,,,,,
also,today,abortion,doctor,want,get,pregnant,leave,state,,,,,,,
never,understand,many,people,want,cave,men,like,get,dependent,tech,,,,,
percentage,global,tech,yet,leader,,,,,,,,,,,
percentage,global,tech,yet,leader,,,,,,,,,,,
gender,marker,treating,heart,disease,diabetes,news,,,,,,,,,
percentage,global,tech,yet,leader,,,,,,,,,,,
hypocrisy,disease,north,know,south,east,,,,,,,,,,
percentage,global,tech,yet,leader,,,,,,,,,,,
percentage,global,tech,yet,leader,,,,,,,,,,,
report,say,higher,standard,men,leadership,,,,,,,,,,
men,tech,golf,polo,midnight,navy,graphite,large,know,link,know,,,,,
men,pajama,,,,,,,,,,,,,,
men,round,neck,shirt,,,,,,,,,,,,
tech,herald,progressive,still,borrowing,morality,ago,men,,,,,,,,
report,say,higher,standard,men,leadership,,,,,,,,,,
check,men,boxer,brief,air,tech,micro,mesh,slip,underwear,via,,,,,
men,giving,birth,abortion,word,worked,tech,,,,,,,,,
guess,finally,learnt,subscription,men,tech,,,,,,,,,,
guess,finally,learnt,subscription,men,tech,,,,,,,,,,
watch,star,trek,pretty,men,,,,,,,,,,,
yoga,water,tech,topo,chico,grown,men,,,,,,,,,
got,tech,men,league,game,cause,caught,putback,neck,,,,,,,
men,tech,graphic,shorts,sale,free,shipping,,,,,,,,,
china,far,serious,military,threat,may,lack,tech,training,,,,,,,
open,men,final,schedule,watch,,,,,,,,,,,
report,say,higher,standard,men,leadership,,,,,,,,,,
percentage,global,tech,yet,leader,,,,,,,,,,,
inevitably,blaming,fletcher,death,toxic,masculinity,female,,,,,,,,,
answer,better,educate,men,respecting,answer,keep,violent,jail,,,,,,,
tech,men,shirt,reg,,,,,,,,,,,,
people,need,people,build,say,often,also,truth,,,,,,,,
free,men,tech,pack,hybrid,repel,running,shirt,,,,,,,,
manipulative,media,works,search,twitter,top,mean,raping,,,,,,,,
percentage,global,tech,yet,leader,,,,,,,,,,,
perfect,tech,industry,full,con,men,looking,make,quick,buck,instead,technology,,,,
yoga,water,tech,topo,chico,grown,men,,,,,,,,,
fantastic,couple,days,swept,tech,sat,,,,,,,,,,
still,happening,tech,white,work,quietly,,,,,,,,,,
percentage,global,tech,yet,leader,,,,,,,,,,,
love,tech,men,think,found,brand,new,problem,,,,,,,,
reb,please,tell,flood,men,old,southern,plantation,black,,,,,,,
percentage,global,tech,yet,leader,,,,,,,,,,,
percentage,global,tech,yet,leader,,,,,,,,,,,
husband,responsibility,maintain,wife,like,daughter,wife,,,,,,,,,
troy,central,play,tech,next,week,cream,puff,,,,,,,,
percentage,global,tech,yet,leader,,,,,,,,,,,
men,performance,tech,loose,fit,shorts,pack,instead,,,,,,,,
like,saying,brass,tech,field,personally,know,men,brass,,,,,,,
point,grandfather,told,led,,,,,,,,,,,,
report,say,higher,standard,men,leadership,,,,,,,,,,
report,say,higher,standard,men,leadership,,,,,,,,,,
men,shirt,,,,,,,,,,,,,,
report,say,higher,standard,men,leadership,,,,,,,,,,
men,soccer,road,today,ill,,,,,,,,,,,
check,listing,added,closet,men,tech,tee,navy,blue,heather,short,,,,,
men,trousers,,,,,,,,,,,,,,
percentage,global,tech,yet,leader,,,,,,,,,,,
percentage,global,tech,yet,leader,,,,,,,,,,,
percentage,global,tech,yet,leader,,,,,,,,,,,
percentage,global,tech,yet,leader,,,,,,,,,,,
percentage,global,tech,yet,leader,,,,,,,,,,,
sometimes,grateful,tech,savvy,neve,,,,,,,,,,,
male,men,new,fashion,classic,vintage,buckle,men,belt,high,quality,cow,genuine,leather,luxury,
report,say,higher,standard,men,leadership,,,,,,,,,,
ass,men,would,never,wheel,combustion,engine,tech,,,,,,,,
percentage,global,tech,yet,leader,,,,,,,,,,,
new,crop,business,men,starting,come,happy,tech,new,oil,let,turn,,,,
sambo,men,also,prefer,car,house,job,got,,,,,,,,
new,crop,business,men,starting,come,happy,tech,new,oil,let,turn,,,,
new,crop,business,men,starting,come,happy,tech,new,oil,let,turn,,,,
new,crop,business,men,starting,come,happy,tech,new,oil,let,turn,,,,
new,crop,business,men,starting,come,happy,tech,new,oil,let,turn,,,,
new,crop,business,men,starting,come,happy,tech,new,oil,let,turn,,,,
percentage,global,tech,yet,leader,,,,,,,,,,,
percentage,global,tech,yet,leader,,,,,,,,,,,
check,listing,added,closet,men,modern,flat,front,tech,shorts,,,,,,
percentage,global,tech,yet,leader,,,,,,,,,,,
report,say,higher,standard,men,leadership,,,,,,,,,,
think,would,pivot,issue,area,would,help,gain,use,method,depending,,,,,
yoga,water,tech,topo,chico,grown,men,,,,,,,,,
percentage,global,tech,yet,leader,,,,,,,,,,,
think,would,pivot,issue,area,would,help,gain,use,method,,,,,,
work,film,industry,extremely,attractive,,,,,,,,,,,
report,say,higher,standard,men,leadership,,,,,,,,,,
report,say,higher,standard,men,leadership,,,,,,,,,,
gender,marker,lancet,study,risk,cardiovascular,,,,,,,,,,
percentage,global,tech,yet,leader,,,,,,,,,,,
observation,men,tech,dating,woman,got,little,invest,training,usually,,,,,,
report,say,higher,standard,men,leadership,,,,,,,,,,
tech,men,golf,team,campaign,fall,challenge,,,,,,,,,
tech,story,art,without,men,review,back,picture,,,,,,,,
discount,amazing,men,tech,zip,long,sleeve,get,,,,,,,,
discount,amazing,men,tech,zip,long,sleeve,get,,,,,,,,
men,pack,,,,,,,,,,,,,,
percentage,global,tech,yet,leader,,,,,,,,,,,
lancet,study,shown,risk,cardiovascular,disease,similar,high,,,,,,,,
observation,men,tech,dating,woman,got,little,invest,training,usually,,,,,,
saying,might,vote,force,men,procreate,maybe,also,,,,,,,,
percentage,global,tech,yet,leader,,,,,,,,,,,
percentage,global,tech,yet,leader,,,,,,,,,,,
percentage,global,tech,yet,leader,,,,,,,,,,,
percentage,global,tech,yet,leader,,,,,,,,,,,
lancet,study,shown,risk,cardiovascular,disease,similar,high,,,,,,,,
mashallah,wese,men,ist,class,tenth,,,,,,,,,,
observation,men,tech,dating,woman,got,little,invest,training,usually,,,,,,
offer,jeans,starting,men,,,,,,,,,,,,
discount,amazing,men,tech,zip,long,sleeve,get,,,,,,,,
percentage,global,tech,yet,leader,,,,,,,,,,,
men,tech,,,,,,,,,,,,,,
percentage,global,tech,yet,leader,,,,,,,,,,,
percentage,global,tech,yet,leader,,,,,,,,,,,
came,back,war,already,tech,savvy,old,men,,,,,,,,
percentage,global,tech,yet,leader,,,,,,,,,,,
percentage,global,tech,yet,leader,,,,,,,,,,,
tech,blood,money,man,social,hierarchy,change,minute,men,choose,,,,,,
yoga,water,tech,topo,chico,grown,men,,,,,,,,,
percentage,global,tech,yet,leader,,,,,,,,,,,
percentage,global,tech,yet,leader,,,,,,,,,,,
percentage,global,tech,yet,leader,,,,,,,,,,,
yoga,water,tech,topo,chico,grown,men,,,,,,,,,
men,square,,,,,,,,,,,,,,
percentage,global,tech,yet,leader,,,,,,,,,,,
percentage,global,tech,yet,leader,,,,,,,,,,,
percentage,global,tech,yet,leader,,,,,,,,,,,
yeah,think,line,much,culturally,acceptable,niche,,,,,,,,,
men,slim,polo,shirt,selling,,,,,,,,,,,
men,soccer,defend,home,turf,win,tech,,,,,,,,,
lancet,study,shown,risk,cardiovascular,disease,similar,high,,,,,,,,
empirical,method,test,ready,hostility,men,tech,people,per,,,,,,,
immediately,know,tech,run,men,found,way,send,,,,,,,,
yoga,water,tech,topo,chico,grown,men,,,,,,,,,
lancet,study,shown,risk,cardiovascular,disease,similar,high,,,,,,,,
tech,men,draw,barry,conference,opener,,,,,,,,,,
observation,men,tech,dating,woman,got,little,invest,training,usually,,,,,,
check,listing,added,closet,men,tech,tee,lime,size,,,,,,,
yoga,water,tech,topo,chico,grown,men,,,,,,,,,
tech,men,golf,team,campaign,fall,challenge,,,,,,,,,
leave,tech,industry,woman,got,fired,live,mint,,,,,,,,
council,post,five,ways,men,tech,support,allies,,,,,,,,
lancet,study,shown,risk,cardiovascular,disease,similar,high,,,,,,,,
lancet,study,shown,risk,cardiovascular,disease,similar,high,,,,,,,,
lancet,study,shown,risk,cardiovascular,disease,similar,high,,,,,,,,
tech,mostly,khan,men,search,huge,also,chasing,dev,,,,,,,
racism,crazy,seeing,grown,men,act,like,care,little,mermaid,movie,,,,,
lancet,study,shown,risk,cardiovascular,disease,,,,,,,,,,
great,many,uva,last,night,watch,men,soccer,team,come,back,deficit,win,,,
percentage,global,tech,yet,leader,,,,,,,,,,,
yoga,water,tech,topo,chico,grown,men,,,,,,,,,
percentage,global,tech,yet,leader,,,,,,,,,,,
percentage,global,tech,yet,leader,,,,,,,,,,,
percentage,global,tech,yet,leader,,,,,,,,,,,
world,forgot,leaving,men,behind,,,,,,,,,,,
percentage,global,tech,yet,leader,,,,,,,,,,,
want,test,done,woman,tech,test,learned,never,change,,,,,,,
percentage,global,tech,yet,leader,,,,,,,,,,,
real,pack,men,tech,mesh,athletic,gym,workout,lounge,open,bottom,,,,,
racism,crazy,seeing,grown,men,act,like,care,little,mermaid,movie,,,,,
men,soccer,team,scored,four,final,second,half,rally,one,goal,,,,,
russia,running,men,trouble,recruiting,ammo,desperate,,,,,,,,,
percentage,global,tech,yet,leader,,,,,,,,,,,
percentage,global,tech,yet,leader,,,,,,,,,,,
one,character,tech,,,,,,,,,,,,,
percentage,global,tech,yet,leader,,,,,,,,,,,
men,soccer,team,scored,four,final,second,half,rally,one,goal,,,,,
percentage,global,tech,yet,leader,,,,,,,,,,,
man,plot,far,home,age,iron,man,tony,stark,tech,falling,wrong,han,,,
men,soccer,team,scored,four,final,second,half,rally,one,goa,,,,,
percentage,global,tech,yet,leader,,,,,,,,,,,
similar,handle,cardiovascular,disease,men,lancet,study,,,,,,,,,
percentage,global,tech,yet,leader,,,,,,,,,,,
percentage,global,tech,yet,leader,,,,,,,,,,,
percentage,global,tech,yet,leader,,,,,,,,,,,
men,cross,country,season,opening,meet,tech,paced,,,,,,,,
percentage,global,tech,yet,leader,,,,,,,,,,,
yoga,water,tech,topo,chico,grown,men,,,,,,,,,
percentage,global,tech,yet,leader,,,,,,,,,,,
percentage,global,tech,yet,leader,,,,,,,,,,,
percentage,global,tech,yet,leader,,,,,,,,,,,
percentage,global,tech,yet,leader,,,,,,,,,,,
percentage,global,tech,yet,leader,,,,,,,,,,,
percentage,global,tech,yet,leader,,,,,,,,,,,
percentage,global,tech,yet,leader,,,,,,,,,,,
percentage,global,tech,yet,leader,,,,,,,,,,,
percentage,global,tech,yet,leader,,,,,,,,,,,
percentage,global,tech,yet,leader,,,,,,,,,,,
percentage,global,tech,yet,leader,,,,,,,,,,,
percentage,global,tech,yet,,,,,,,,,,,,
yoga,water,tech,topo,chico,grown,men,,,,,,,,,
biosphere,really,continued,use,year,old,internal,combustion,tech,,,,,,,
fisher,lot,answer,absolutely,pathetic,attempt,preparation,,,,,,,,,
stem,heavily,amongst,get,interested,science,tech,based,,,,,,,,
tech,ways,marvel,already,men,exist,,,,,,,,,,
tech,tech,men,golf,team,campaign,fall,challenge,tech,,,,,,,
tech,men,golf,team,campaign,fall,challenge,,,,,,,,,
yoga,water,tech,topo,chico,grown,men,,,,,,,,,
life,tech,think,common,,,,,,,,,,,,
tech,men,golf,team,campaign,fall,challenge,,,,,,,,,
yoga,water,tech,topo,chico,grown,men,,,,,,,,,
yoga,water,tech,topo,chico,grown,men,,,,,,,,,
yoga,water,tech,topo,chico,grown,men,,,,,,,,,
yoga,water,tech,topo,chico,grown,men,,,,,,,,,
yoga,water,tech,topo,chico,grown,men,,,,,,,,,
yoga,water,tech,topo,chico,grown,men,,,,,,,,,
name,tech,history,tonight,becoming,men,soccer,program,time,scoring,lead,,,,,
name,tech,history,tonight,becoming,men,soccer,program,time,scoring,lead,,,,,
men,tech,short,sleeve,shirt,steel,light,heather,,,,,,,,
yoga,water,tech,topo,chico,grown,men,,,,,,,,,
name,tech,history,tonight,becoming,men,soccer,program,time,scoring,,,,,,
fan,belt,rain,men,tech,,,,,,,,,,,
fan,belt,rain,men,tech,,,,,,,,,,,
uva,men,soccer,used,incredible,four,goal,run,minute,stretch,second,half,defeat,tech,,
tech,must,place,line,bathroom,non,existent,men,,,,,,,,
yoga,water,tech,topo,chico,grown,men,,,,,,,,,
yoga,water,tech,topo,chico,grown,men,,,,,,,,,
war,hell,young,men,die,fixation,dead,general,,,,,,,,
observation,men,tech,dating,woman,got,little,invest,training,usually,,,,,,
like,read,link,big,tech,stock,invest,make,,,,,,,,
royal,gift,idea,men,tech,maybe,sis,hip,wine,flask,funnel,led,digital,desk,clock,wire
blind,luck,work,tech,know,older,men,without,money,,,,,,,
got,many,next,younger,sister,wedding,fam,,,,,,,,,
going,survive,tech,fetishist,men,trying,,,,,,,,,,
lots,well,white,men,tech,industry,support,yes,people,,,,,,,
exist,offer,root,missing,men,initiation,ongoing,sup,,,,,,,,
big,tech,must,considered,community,utility,like,phone,community,,,,,,,
discount,amazing,men,tech,zip,long,sleeve,get,,,,,,,,
observation,men,tech,dating,woman,got,little,invest,training,usually,,,,,,
yoga,water,tech,topo,chico,grown,men,,,,,,,,,
global,study,shown,risk,cardiovascular,disease,similar,high,low,middle,income,,,,,
men,god,put,work,tech,flyer,mission,black,cultural,center,grand,opening,,,,
wit,poor,logistics,wit,move,men,,,,,,,,,,
similar,handle,cardiovascular,disease,men,lancet,study,,,,,,,,,
thank,god,victory,gallant,men,,,,,,,,,,,
looking,add,highly,men,team,set,win,tax,industry,,,,,,,
global,study,shown,risk,cardiovascular,disease,similar,high,low,middle,income,,,,,
global,study,shown,risk,cardiovascular,disease,similar,high,low,middle,income,,,,,
global,study,shown,risk,cardiovascular,disease,similar,high,low,middle,income,,,,,
witch,house,live,built,men,clothes,wear,produced,men,food,eat,grow,,,,
great,many,uva,last,night,watch,men,soccer,team,come,back,deficit,win,,,
men,soccer,,,,,,,,,,,,,,
men,child,feed,burp,change,baby,,,,,,,,,,
role,model,sane,wise,powerful,time,immemorial,strength,doe,,,,,,,
proven,time,men,better,tech,waste,time,,,,,,,,,
imagine,tech,twitter,begging,stranger,buy,men,saving,love,,,,,,,
town,many,consider,dying,men,put,built,one,biggest,tech,,,,,,
great,many,uva,last,night,watch,men,soccer,team,come,back,deficit,win,,,
men,tech,golf,polo,royal,graphite,large,,,,,,,,,
observation,men,tech,dating,woman,got,little,invest,training,usually,,,,,,
exist,ever,gray,statistics,,,,,,,,,,,,
randomly,mouth,full,bread,one,year,blocked,man,look,back,lot,,,,,
similar,handle,cardiovascular,disease,men,lancet,study,,,,,,,,,
computer,literacy,tech,training,teens,church,part,upcoming,,,,,,,,
maybe,way,allies,slow,effective,,,,,,,,,,,
son,took,part,school,given,role,soldier,,,,,,,,,
men,pack,heavyweight,tech,fleece,lined,zip,hoodie,,,,,,,,
tech,cut,across,men,high,paying,field,field,super,,,,,,,
observation,men,tech,dating,woman,got,little,invest,training,usually,,,,,,
yoga,water,tech,topo,chico,grown,men,,,,,,,,,
men,shirt,mau,,,,,,,,,,,,,
strongly,think,stupid,men,outnumber,sensible,men,majority,like,statement,,,,,,
yoga,water,tech,topo,chico,grown,men,,,,,,,,,
yoga,water,tech,topo,chico,grown,men,,,,,,,,,
similar,handle,cardiovascular,disease,men,lancet,study,,,,,,,,,
observation,men,tech,dating,woman,got,little,invest,training,usually,,,,,,
observation,men,tech,dating,woman,got,little,invest,training,usually,,,,,,
strongly,think,stupid,men,outnumber,sensible,men,majority,like,statement,,,,,,
observation,men,tech,dating,woman,got,little,invest,training,usually,,,,,,
like,men,took,help,becoming,actress,threw,,,,,,,,,
ora,tech,men,naturally,share,money,knowledge,rarely,,,,,,,,
observation,men,tech,dating,woman,got,little,invest,training,usually,,,,,,
observation,men,tech,dating,woman,got,little,invest,training,usually,,,,,,
meet,day,men,cross,country,maple,syrup,challenge,tech,,,,,,,
observation,men,tech,dating,woman,got,little,invest,training,usually,,,,,,
tech,place,intercollegiate,men,golf,,,,,,,,,,,
observation,men,tech,dating,woman,got,little,invest,training,usually,,,,,,
observation,men,tech,dating,woman,got,little,invest,training,usually,,,,,,
tech,men,maybe,need,grow,sense,street,wise,woman,already,load,,,,,
strongly,think,stupid,men,outnumber,sensible,men,majority,like,statement,,,,,,
observation,men,tech,dating,woman,got,little,invest,training,usually,,,,,,
pam,aka,ethel,dead,long,time,never,felt,like,anything,,,,,,
men,tech,,,,,,,,,,,,,,
men,tech,instead,learn,tend,attack,,,,,,,,,,
men,tech,test,let,past,,,,,,,,,,,
observation,men,tech,dating,woman,got,little,invest,training,usually,,,,,,
observation,men,tech,dating,woman,got,little,invest,training,usually,,,,,,
want,test,done,woman,tech,test,learned,never,change,,,,,,,
observation,men,tech,dating,woman,got,little,invest,training,usually,,,,,,
observation,men,tech,dating,woman,got,little,invest,training,usually,,,,,,
men,tech,people,leave,men,alone,,,,,,,,,,
dear,men,tech,available,training,yes,single,,,,,,,,,
man,tech,met,get,sense,know,dey,meet,men,tech,sense,,,,,
observation,men,tech,dating,woman,got,little,invest,training,usually,,,,,,
observation,men,tech,dating,woman,got,little,invest,training,usually,,,,,,
one,world,men,insulting,black,university,professor,,,,,,,,,
symptom,modern,digital,way,meeting,people,easy,,,,,,,,,
observation,men,tech,dating,woman,got,little,invest,training,usually,,,,,,
men,briefs,,,,,,,,,,,,,,
observation,men,tech,dating,woman,got,little,invest,training,usually,,,,,,
tech,wow,rich,people,went,delta,republic,remember,stripped,,,,,,,
tech,civil,war,period,permission,,,,,,,,,,,
observation,men,tech,dating,woman,got,little,invest,training,usually,,,,,,
observation,men,tech,dating,woman,got,little,invest,training,usually,,,,,,
observation,men,tech,dating,woman,got,little,invest,training,usually,,,,,,
observation,men,tech,dating,woman,got,little,invest,training,usually,,,,,,
proven,time,men,better,tech,waste,time,,,,,,,,,
observation,men,tech,dating,woman,got,little,invest,training,usually,,,,,,
observation,men,tech,dating,woman,got,little,invest,training,usually,,,,,,
observation,men,tech,dating,woman,got,little,invest,training,usually,,,,,,
proven,time,men,better,tech,waste,time,,,,,,,,,
observation,men,tech,dating,woman,got,little,invest,training,usually,,,,,,
observation,men,tech,dating,woman,got,little,invest,training,usually,,,,,,
observation,men,tech,dating,woman,got,little,invest,training,usually,,,,,,
observation,men,tech,dating,woman,got,little,invest,training,usually,,,,,,
men,emotional,work,wife,home,tending,mor,,,,,,,,,
observation,men,tech,dating,woman,got,little,invest,training,usually,,,,,,
observation,men,tech,dating,woman,got,little,invest,training,usually,,,,,,
observation,men,tech,dating,woman,got,little,invest,training,usually,,,,,,
analytics,tech,data,,,,,,,,,,,,,
analytics,tech,data,,,,,,,,,,,,,
observation,men,tech,dating,woman,got,little,invest,training,usually,,,,,,
analytics,tech,data,,,,,,,,,,,,,
men,cotton,shopping,tech,fashion,,,,,,,,,,,
analytics,tech,data,,,,,,,,,,,,,
observation,men,tech,dating,woman,got,little,invest,training,usually,,,,,,
observation,men,tech,dating,woman,got,little,invest,training,usually,,,,,,
observation,men,tech,dating,woman,got,little,invest,training,usually,,,,,,
strongly,think,stupid,men,outnumber,sensible,men,majority,like,statement,,,,,,
observation,men,tech,dating,woman,got,little,invest,training,usually,,,,,,
want,test,done,woman,tech,test,learned,never,change,,,,,,,
men,,,,,,,,,,,,,,,
offer,roadster,clothing,men,,,,,,,,,,,,
men,polo,shirt,,,,,,,,,,,,,
baby,girl,outfit,men,electronic,,,,,,,,,,,
men,learn,code,even,tech,field,learn,code,business,however,,,,,,
ice,spice,men,tech,,,,,,,,,,,,
actor,toast,never,see,men,like,opinion,,,,,,,,,
nit,position,chancellor,athletic,meet,men,organized,,,,,,,,,
diverse,men,boxer,shorts,,,,,,,,,,,,
valid,declared,delta,rep,sent,,,,,,,,,,,
pop,great,show,know,business,tech,like,,,,,,,,,
men,denim,shirt,,,,,,,,,,,,,
campus,men,,,,,,,,,,,,,,
tech,white,men,yelling,much,rage,,,,,,,,,,
many,remember,formed,remove,middle,men,grown,,,,,,,,,
check,big,men,poly,tech,fleece,full,zip,hood,jacket,men,via,,,,
men,full,hooded,scroll,,,,,,,,,,,,
commonwealth,clash,men,soccer,final,tech,,,,,,,,,,
oversized,one,lens,goggle,half,frame,men,fashion,vintage,glasses,,,,,,
men,college,soccer,atlantic,coast,conference,final,score,tech,,,,,,,
third,penalty,kick,tech,men,following,jack,dearie,red,,,,,,,
third,penalty,kick,tech,men,following,jack,,,,,,,,,
pack,track,pants,men,,,,,,,,,,,,
pay,open,men,tennis,sponsor,extra,wear,,,,,,,,,
men,footwear,,,,,,,,,,,,,,
big,tech,men,order,,,,,,,,,,,,
want,test,done,woman,tech,test,learned,never,change,,,,,,,
tech,news,one,solution,carbon,mess,downgrade,middle,men,,,,,,,
magnetic,levitation,globe,led,light,cool,floating,lamp,globe,cool,tech,men,father,,,
hard,men,build,protect,top,taking,care,world,power,grid,,,,,,
shout,providing,tech,alumni,,,,,,,,,,,,
shout,providing,tech,alumni,,,,,,,,,,,,
come,find,android,phone,cash,community,inside,next,week,door,door,reg,,,,
like,tech,mostly,white,men,especially,technical,,,,,,,,,
men,performance,tech,loose,fit,shorts,pack,instead,,,,,,,,
mercer,much,farther,back,anyone,original,responsible,,,,,,,,,
fine,young,gentle,men,tech,henny,,,,,,,,,,
men,new,lash,tech,open,honest,,,,,,,,,,
review,journey,among,brave,men,revolt,,,,,,,,,,
going,pick,random,fantasy,football,team,work,wish,luck,humble,tech,men,,,,
town,many,consider,dying,men,put,built,one,biggest,tech,,,,,,
men,tech,hoodie,retail,,,,,,,,,,,,
men,tech,hoodie,retail,,,,,,,,,,,,
usually,deal,manipulator,batch,police,men,manipulate,,,,,,,,,
way,indulge,everything,nothing,short,adorable,regularly,spoiled,,,,,,,,
either,hybrid,fully,remote,old,office,job,gone,way,mad,men,find,rig,,,
industry,middle,men,value,extractor,financial,vast,majo,,,,,,,,
yeah,well,reach,star,trek,tech,,,,,,,,,,
men,soccer,home,get,season,underway,tech,come,,,,,,,,
upcoming,another,tomorrow,meet,day,cross,country,men,,,,,,,,
either,hybrid,fully,remote,old,office,job,gone,way,mad,men,find,,,,
want,test,done,woman,tech,test,learned,never,change,,,,,,,
men,sperm,count,would,still,completely,fertile,due,amount,sperm,produce,,,,,
grab,men,,,,,,,,,,,,,,
pack,men,neck,dry,fit,moisture,wicking,active,athletic,tech,performance,shirt,,,,
men,crew,neck,,,,,,,,,,,,,
men,tech,graphic,shorts,sale,free,shipping,,,,,,,,,
marketing,industry,giant,media,tech,worship,protect,generate,,,,,,,,
torturing,dar,money,old,white,misogynistic,men,nihilist,,,,,,,,
men,shirt,,,,,,,,,,,,,,
royal,gift,idea,men,tech,maybe,sis,hip,wine,flask,funnel,led,digital,desk,clock,wire
royal,gift,idea,men,tech,maybe,sis,hip,wine,flask,funnel,led,digital,desk,clock,wire
want,test,done,woman,tech,test,learned,never,change,,,,,,,
sentiment,common,sad,wish,make,change,want,,,,,,,,,
tiger,tear,know,diversity,statistics,tech,gam,,,,,,,,,
come,find,android,phone,cash,community,inside,next,week,door,,,,,,
pivotal,new,study,found,autism,screening,consistently,screen,men,,,,,,,
town,many,consider,dying,men,put,built,one,biggest,tech,,,,,,
want,test,done,woman,tech,test,learned,never,change,,,,,,,
tech,tech,merit,list,men,check,,,,,,,,,,
men,tech,hoodie,retail,,,,,,,,,,,,
tech,tech,merit,list,men,check,,,,,,,,,,
tech,seriously,people,know,history,anything,told,brother,,,,,,,,
check,listing,added,closet,tech,men,,,,,,,,,,
tech,seriously,people,know,history,anything,told,brother,,,,,,,,
live,bay,area,tech,specific,thing,men,thankfully,,,,,,,,
torturing,dar,money,old,white,misogynistic,men,,,,,,,,,
hilarious,interview,men,pushing,tech,antitrust,bill,,,,,,,,,
prominent,tech,luminary,got,auto,response,paternity,leave,,,,,,,,
unofficially,tech,men,preview,meet,behind,eastern,southern,nick,,,,,,,
real,danger,begin,think,like,men,men,begin,think,like,,,,,,
prominent,tech,luminary,got,auto,response,paternity,leave,,,,,,,,
hilarious,interview,men,pushing,tech,antitrust,bill,,,,,,,,,
former,assistant,coach,central,tech,head,coach,head,,,,,,,,
bad,want,coal,dust,breathing,mole,men,well,tech,might,,,,,,
art,yep,unless,critically,tune,,,,,,,,,,,
medic,men,little,social,life,call,please,,,,,,,,,
men,tech,stress,,,,,,,,,,,,,
wonder,long,going,take,cell,yes,men,mark,,,,,,,,
tech,men,tennis,midland,open,season,,,,,,,,,,
tech,men,tennis,midland,open,season,,,,,,,,,,
hilarious,interview,men,pushing,tech,antitrust,bill,,,,,,,,,
police,looking,men,seen,video,kill,white,people,via,,,,,,,
camel,men,shirt,summer,pure,color,short,sleeve,lapel,slim,shirt,business,casual,shirt,men,
tech,accord,northern,elite,stop,pogrom,north,,,,,,,,,
hilarious,interview,men,pushing,tech,antitrust,bill,,,,,,,,,
hilarious,interview,men,pushing,tech,antitrust,bill,,,,,,,,,
nit,position,chancellor,athletic,meet,men,organized,,,,,,,,,
tech,civil,war,period,permission,,,,,,,,,,,
still,tech,made,easy,integration,save,time,convenience,big,,,,,,,
hilarious,interview,men,pushing,tech,antitrust,bill,,,,,,,,,
big,tech,men,order,,,,,,,,,,,,
build,tech,men,,,,,,,,,,,,,
thank,god,victory,kudos,gallant,men,god,keep,protecting,,,,,,,
men,tech,hoodie,pack,choice,colors,,,,,,,,,,
men,briefs,snug,fit,pack,,,,,,,,,,,
sure,really,awful,story,also,lot,count,,,,,,,,,
pack,heavyweight,tech,hoodie,men,free,shipping,prime,,,,,,,,
one,world,men,twitter,war,,,,,,,,,,,
come,men,tech,conference,,,,,,,,,,,,
black,woman,woman,general,field,dominated,men,know,unique,going,,,,,,
come,see,men,giant,especially,tech,,,,,,,,,,
history,revolutionary,two,men,idea,grew,entire,cultural,movement,,,,,,,
going,talk,men,tech,world,twitter,,,,,,,,,,
tech,lord,story,programmer,like,unstable,one,moment,,,,,,,,
tech,lord,story,programmer,like,unstable,one,moment,,,,,,,,
tech,lord,story,programmer,like,unstable,one,moment,,,,,,,,
men,pack,zad,,,,,,,,,,,,,
tech,accord,northern,elite,stop,pogrom,north,,,,,,,,,
conference,yesterday,commissioner,education,state,gender,,,,,,,,,,
tech,men,basketball,full,schedule,big,ten,opener,,,,,,,,
director,taking,nude,men,locker,,,,,,,,,,,
director,taking,nude,men,locker,,,,,,,,,,,
men,tech,moisture,control,crew,black,,,,,,,,,,
tech,wow,rich,people,went,delta,republic,remember,,,,,,,,
nit,position,chancellor,athletic,meet,men,organized,,,,,,,,,
silicon,valley,country,young,men,youthful,still,part,scene,big,tech,buy,,,,
feel,like,whole,tech,industry,run,similar,men,similar,similar,,,,,,
feel,like,whole,tech,industry,run,similar,men,similar,similar,,,,,,
nit,position,chancellor,athletic,meet,men,organized,dire,,,,,,,,
going,talk,men,tech,world,twitter,,,,,,,,,,
actual,shown,representation,men,tech,prejudice,,,,,,,,,,
technology,goes,sex,ahead,time,tech,men,sex,made,,,,,,,
actual,shown,representation,men,tech,prejudice,,,,,,,,,,
want,test,done,woman,tech,test,learned,never,change,,,,,,,
men,college,soccer,non,conference,final,score,tech,,,,,,,,
actual,shown,representation,men,tech,prejudice,,,,,,,,,,
think,way,got,data,event,men,,,,,,,,,,
actual,shown,representation,men,tech,prejudice,,,,,,,,,,
men,horseback,enter,indigenous,area,along,head,cattle,next,village,,,,,,
men,tech,fashion,shopping,,,,,,,,,,,,
men,tech,fleece,,,,,,,,,,,,,
beld,bug,run,give,mediocre,men,feel,existence,,,,,,,,
dating,study,revealed,find,men,unattractive,dating,,,,,,,,,
sportswear,tech,full,zip,hoodie,via,sportswear,tech,flee,,,,,,,
new,arrival,men,north,face,tech,air,sweat,jogger,pant,,,,,,
tin,men,capital,three,man,founding,team,early,stage,tech,,,,,,
sports,red,men,golf,team,finished,third,overall,cup,saint,island,,,,,
sports,red,men,golf,team,finished,third,overall,cup,saint,island,,,,,
red,men,golf,team,finished,third,overall,cup,saint,island,,,,,,
camel,men,durable,waterproof,anti,slip,outdoor,leather,breathable,climbing,military,,,,,
lee,man,jack,also,lee,made,hulk,later,made,,,,,,,
men,starting,,,,,,,,,,,,,,
believe,black,men,outnumber,black,tech,significant,degree,,,,,,,,
check,tech,men,long,sleeve,hoodie,size,large,via,,,,,,,
scrub,tech,coloring,book,humorous,surgical,technologist,coloring,book,scrub,tech,,,,,
going,talk,men,tech,world,twitter,,,,,,,,,,
men,hold,tech,sure,men,white,,,,,,,,,,
men,already,dominate,tech,space,getting,people,tech,fill,,,,,,,
daughter,eve,dad,eric,moral,story,men,tech,creative,,,,,,,
also,today,abortion,doctor,want,get,pregnant,leave,state,,,,,,,
tech,men,take,season,opener,,,,,,,,,,,
tech,men,take,season,opener,,,,,,,,,,,
want,get,objective,answer,question,men,tech,,,,,,,,,
going,talk,men,tech,world,twitter,,,,,,,,,,
free,getting,tech,fact,many,specifically,,,,,,,,,,
going,talk,men,tech,world,twitter,,,,,,,,,,
tech,leather,men,twisted,boots,review,giveaway,via,,,,,,,,
going,talk,men,tech,world,twitter,,,,,,,,,,
southeast,county,tech,live,men,soccer,watch,,,,,,,,,
going,talk,men,tech,world,twitter,,,,,,,,,,
tech,union,live,men,soccer,watch,,,,,,,,,,
men,tinder,like,founder,tech,company,like,could,mean,anything,,,,,,
real,men,going,opening,real,tech,house,,,,,,,,,
going,talk,men,tech,world,twitter,,,,,,,,,,
social,especially,tricky,heavy,presence,human,factor,,,,,,,,,
tech,men,basketball,full,schedule,big,ten,opener,,,,,,,,
tech,behave,like,broke,men,around,rich,men,apple,reason,used,,,,,
also,today,abortion,doctor,want,get,pregnant,leave,state,,,,,,,
saying,men,different,fact,lean,towards,notion,men,,,,,,,,
men,lost,battle,long,ago,tech,,,,,,,,,,
also,today,abortion,doctor,want,get,pregnant,leave,state,,,,,,,
also,today,abortion,doctor,want,get,pregnant,leave,state,,,,,,,
also,today,abortion,doctor,want,get,pregnant,leave,state,,,,,,,
former,coach,lady,assistant,coach,new,season,parker,,,,,,,,
actual,shown,representation,men,tech,prejudice,,,,,,,,,,
also,today,abortion,doctor,want,get,pregnant,leave,state,,,,,,,
actual,shown,representation,men,tech,prejudice,,,,,,,,,,
sports,round,tech,volleyball,men,soccer,gobbler,country,sports,,,,,,,
sweet,baby,girl,something,went,wrong,twitter,get,tech,men,,,,,,
also,today,abortion,doctor,want,get,pregnant,leave,state,,,,,,,
also,today,abortion,doctor,want,get,pregnant,leave,state,,,,,,,
also,today,abortion,doctor,want,get,pregnant,leave,state,,,,,,,
men,performance,tech,loose,fit,shorts,pack,instead,,,,,,,,
also,today,abortion,doctor,want,get,pregnant,leave,state,,,,,,,
also,today,abortion,doctor,want,get,pregnant,leave,state,,,,,,,
also,today,abortion,doctor,want,get,pregnant,leave,state,,,,,,,
also,today,abortion,doctor,want,get,pregnant,leave,state,,,,,,,
also,today,abortion,doctor,want,get,pregnant,leave,state,,,,,,,
also,today,abortion,doctor,want,get,pregnant,leave,state,,,,,,,
also,today,abortion,doctor,want,get,pregnant,leave,state,,,,,,,
also,today,abortion,doctor,want,get,pregnant,leave,state,say,,,,,,
manlike,empathy,tech,men,,,,,,,,,,,,
waiting,moment,life,corporate,media,big,tech,control,independent,media,,,,,,
surprise,music,tech,industry,comes,aggressive,men,movement,,,,,,,,
please,add,next,update,want,want,finish,,,,,,,,,
surprise,music,tech,industry,comes,aggressive,men,movement,,,,,,,,
big,tech,men,order,,,,,,,,,,,,
everyone,green,men,investment,tech,extremely,hear,,,,,,,,,
less,likely,enter,tech,society,tech,male,thing,tech,,,,,,,
want,get,objective,answer,question,men,tech,,,,,,,,,
men,performance,tech,loose,fit,shorts,pack,shop,shopping,,,,,,,
going,talk,men,tech,world,twitter,,,,,,,,,,
funny,given,many,tech,worship,part,pantheon,great,men,built,,,,,,
tech,multiple,men,send,calling,sir,another,,,,,,,,,
men,front,tech,one,side,pierce,inside,,,,,,,,,
going,talk,men,tech,world,twitter,,,,,,,,,,
men,tech,short,sleeve,shirt,buy,men,,,,,,,,,
tiger,eye,bracelet,men,omen,brown,tiger,eye,beaded,bracelet,,,,,,
bug,run,give,mediocre,men,feel,,,,,,,,,,
actual,shown,representation,men,tech,prejudice,,,,,,,,,,
mean,wrong,someone,specialized,field,make,sure,miss,cam,,,,,,,
tweet,tech,men,totally,false,yea,,,,,,,,,,
former,coach,lady,assistant,coach,new,season,,,,,,,,,
nit,position,chancellor,athletic,meet,men,organized,,,,,,,,,
going,talk,men,tech,world,twitter,,,,,,,,,,
woman,tech,field,something,else,heavily,male,dominant,field,amount,men,,,,,
dumb,question,sure,honestly,tech,everything,,,,,,,,,,
queen,death,could,create,one,worst,ever,people,tweet,colonialism,,,,,,
anyone,men,well,fit,tech,certainly,aware,history,,,,,,,,
yeah,russia,war,fought,inside,high,tech,,,,,,,,,
affluent,white,men,tech,obsession,longevity,extending,conquering,death,,,,,,,
banty,even,hear,piece,tech,,,,,,,,,,,
day,new,connect,lab,,,,,,,,,,,,
actual,shown,representation,men,tech,prejudice,,,,,,,,,,
patriarchy,men,female,learn,tech,,,,,,,,,,,
tech,tech,basketball,report,men,basketball,tech,yellow,,,,,,,,
going,talk,men,tech,world,twitter,,,,,,,,,,
actual,shown,representation,men,tech,prejudice,,,,,,,,,,
free,getting,tech,fact,many,specifically,,,,,,,,,,
actual,shown,representation,men,tech,prejudice,,,,,,,,,,
actual,shown,representation,men,tech,prejudice,,,,,,,,,,
actual,shown,representation,men,tech,prejudice,,,,,,,,,,
going,talk,men,tech,world,twitter,,,,,,,,,,
actual,shown,representation,men,tech,prejudice,,,,,,,,,,
rude,bad,character,hope,people,hypocrite,,,,,,,,,,
nit,position,chancellor,athletic,meet,men,organized,dire,,,,,,,,
grave,unmarked,curse,men,come,tech,get,,,,,,,,,
reason,tech,weird,people,thought,,,,,,,,,,,
think,way,got,data,event,men,,,,,,,,,,
patriarchy,eaten,deep,society,recently,made,enlist,,,,,,,,,
lane,need,tech,scarce,,,,,,,,,,,,
fact,look,digital,men,tech,living,become,happy,little,way,,,,,,
want,know,like,woman,tech,enjoy,non,comprehensive,list,informed,,,,,,
going,talk,men,tech,world,twitter,,,,,,,,,,
going,talk,men,tech,world,twitter,,,,,,,,,,
